sample_ID	reads_ID	Source	Origin	Microorganism	country	clindamycin	erythromycin	linezolid	vancomycin	cefepime	cefotaxime	ceftazidime	ertapenem	imipenem	meropenem	tigecycline	colistin	sulfamethoxazole	trimethoprim
SRR3933039	SRR3933039_1.trim.fq.gz	Animal	Surveillance	Salmonella spp.	USA														
SRR3295834	SRR3295834_1.trim.fq.gz	Animal	Surveillance	Salmonella spp.	USA														
SRR1783160	SRR1783160_1.trim.fq.gz	Animal	Surveillance	Salmonella spp.	USA														
SRR2407621	SRR2407621_1.trim.fq.gz	Animal	Surveillance	Salmonella spp.	USA														
SRR2407719	SRR2407719_1.trim.fq.gz	Animal	Surveillance	Salmonella spp.	USA														
SRR3295933	SRR3295933_1.trim.fq.gz	Animal	Surveillance	Salmonella spp.	USA														
SRR3932982	SRR3932982_1.trim.fq.gz	Animal	Surveillance	Salmonella spp.	USA														
SRR3932995	SRR3932995_1.trim.fq.gz	Animal	Surveillance	Salmonella spp.	USA														
SRR1783204	SRR1783204_1.trim.fq.gz	Animal	Surveillance	Salmonella spp.	USA														
SRR2407778	SRR2407778_1.trim.fq.gz	Animal	Surveillance	Salmonella spp.	USA														
SRR2407788	SRR2407788_1.trim.fq.gz	Animal	Surveillance	Salmonella spp.	USA														
SRR2407789	SRR2407789_1.trim.fq.gz	Animal	Surveillance	Salmonella spp.	USA														
SRR3295704	SRR3295704_1.trim.fq.gz	Animal	Surveillance	Salmonella spp.	USA														
SRR3295946	SRR3295946_1.trim.fq.gz	Animal	Surveillance	Salmonella spp.	USA														
SRR3932901	SRR3932901_1.trim.fq.gz	Animal	Surveillance	Salmonella spp.	USA														
SRR3932904	SRR3932904_1.trim.fq.gz	Animal	Surveillance	Salmonella spp.	USA														
SRR3933042	SRR3933042_1.trim.fq.gz	Animal	Surveillance	Salmonella spp.	USA														
SRR4280570	SRR4280570_1.trim.fq.gz	Animal	Surveillance	Salmonella spp.	USA														
SRR4280571	SRR4280571_1.trim.fq.gz	Animal	Surveillance	Salmonella spp.	USA														
SRR4280630	SRR4280630_1.trim.fq.gz	Animal	Surveillance	Salmonella spp.	USA														
SRR1185790	SRR1185790_1.trim.fq.gz	Animal	Surveillance	Salmonella spp.	USA														
SRR1556071	SRR1556071_1.trim.fq.gz	Animal	Surveillance	Salmonella spp.	USA														
SRR1556097	SRR1556097_1.trim.fq.gz	Animal	Surveillance	Salmonella spp.	USA														
SRR1619553	SRR1619553_1.trim.fq.gz	Animal	Surveillance	Salmonella spp.	USA														
SRR2407698	SRR2407698_1.trim.fq.gz	Animal	Surveillance	Salmonella spp.	USA														
SRR3295573	SRR3295573_1.trim.fq.gz	Animal	Surveillance	Salmonella spp.	USA														
SRR3295574	SRR3295574_1.trim.fq.gz	Animal	Surveillance	Salmonella spp.	USA														
SRR3295803	SRR3295803_1.trim.fq.gz	Animal	Surveillance	Salmonella spp.	USA														
SRR3295847	SRR3295847_1.trim.fq.gz	Animal	Surveillance	Salmonella spp.	USA														
SRR2407777	SRR2407777_1.trim.fq.gz	Animal	Surveillance	Salmonella spp.	USA														
SRR2533440	SRR2533440_1.trim.fq.gz	Animal	Surveillance	Salmonella spp.	USA														
SRR3295854	SRR3295854_1.trim.fq.gz	Animal	Surveillance	Salmonella spp.	USA														
SRR1637052	SRR1637052_1.trim.fq.gz	Animal	Surveillance	Salmonella spp.	USA														
SRR1637072	SRR1637072_1.trim.fq.gz	Animal	Surveillance	Salmonella spp.	USA														
SRR2407542	SRR2407542_1.trim.fq.gz	Animal	Surveillance	Salmonella spp.	USA														
SRR2407600	SRR2407600_1.trim.fq.gz	Animal	Surveillance	Salmonella spp.	USA														
SRR2407601	SRR2407601_1.trim.fq.gz	Animal	Surveillance	Salmonella spp.	USA														
SRR2407610	SRR2407610_1.trim.fq.gz	Animal	Surveillance	Salmonella spp.	USA														
SRR2407669	SRR2407669_1.trim.fq.gz	Animal	Surveillance	Salmonella spp.	USA														
SRR3295527	SRR3295527_1.trim.fq.gz	Animal	Surveillance	Salmonella spp.	USA														
SRR3295637	SRR3295637_1.trim.fq.gz	Animal	Surveillance	Salmonella spp.	USA														
SRR3295642	SRR3295642_1.trim.fq.gz	Animal	Surveillance	Salmonella spp.	USA														
SRR3295652	SRR3295652_1.trim.fq.gz	Animal	Surveillance	Salmonella spp.	USA														
SRR3295653	SRR3295653_1.trim.fq.gz	Animal	Surveillance	Salmonella spp.	USA														
SRR3295658	SRR3295658_1.trim.fq.gz	Animal	Surveillance	Salmonella spp.	USA														
SRR3295666	SRR3295666_1.trim.fq.gz	Animal	Surveillance	Salmonella spp.	USA														
SRR3295667	SRR3295667_1.trim.fq.gz	Animal	Surveillance	Salmonella spp.	USA														
SRR3295689	SRR3295689_1.trim.fq.gz	Animal	Surveillance	Salmonella spp.	USA														
SRR3295750	SRR3295750_1.trim.fq.gz	Animal	Surveillance	Salmonella spp.	USA														
SRR3295802	SRR3295802_1.trim.fq.gz	Animal	Surveillance	Salmonella spp.	USA														
SRR3295910	SRR3295910_1.trim.fq.gz	Animal	Surveillance	Salmonella spp.	USA														
SRR3295926	SRR3295926_1.trim.fq.gz	Animal	Surveillance	Salmonella spp.	USA														
SRR3295934	SRR3295934_1.trim.fq.gz	Animal	Surveillance	Salmonella spp.	USA														
SRR3295945	SRR3295945_1.trim.fq.gz	Animal	Surveillance	Salmonella spp.	USA														
SRR3932930	SRR3932930_1.trim.fq.gz	Animal	Surveillance	Salmonella spp.	USA														
SRR3933030	SRR3933030_1.trim.fq.gz	Animal	Surveillance	Salmonella spp.	USA														
SRR3933036	SRR3933036_1.trim.fq.gz	Animal	Surveillance	Salmonella spp.	USA														
SRR3933071	SRR3933071_1.trim.fq.gz	Animal	Surveillance	Salmonella spp.	USA														
SRR1752833	SRR1752833_1.trim.fq.gz	Animal	Surveillance	Salmonella spp.	USA														
SRR2407787	SRR2407787_1.trim.fq.gz	Animal	Surveillance	Salmonella spp.	USA														
SRR2407795	SRR2407795_1.trim.fq.gz	Animal	Surveillance	Salmonella spp.	USA														
SRR3295599	SRR3295599_1.trim.fq.gz	Animal	Surveillance	Salmonella spp.	USA														
SRR3932939	SRR3932939_1.trim.fq.gz	Animal	Surveillance	Salmonella spp.	USA														
SRR2407540	SRR2407540_1.trim.fq.gz	Animal	Surveillance	Salmonella spp.	USA														
SRR3295659	SRR3295659_1.trim.fq.gz	Animal	Surveillance	Salmonella spp.	USA														
SRR3295681	SRR3295681_1.trim.fq.gz	Animal	Surveillance	Salmonella spp.	USA														
SRR3295870	SRR3295870_1.trim.fq.gz	Animal	Surveillance	Salmonella spp.	USA														
SRR3295953	SRR3295953_1.trim.fq.gz	Animal	Surveillance	Salmonella spp.	USA														
SRR1106609	SRR1106609_1.trim.fq.gz	Animal	Surveillance	Salmonella spp.	USA														
SRR1122600	SRR1122600_1.trim.fq.gz	Animal	Surveillance	Salmonella spp.	USA														
SRR1272497	SRR1272497_1.trim.fq.gz	Animal	Surveillance	Salmonella spp.	USA														
SRR1300672	SRR1300672_1.trim.fq.gz	Animal	Surveillance	Salmonella spp.	USA														
SRR1544237	SRR1544237_1.trim.fq.gz	Animal	Surveillance	Salmonella spp.	USA														
SRR1553749	SRR1553749_1.trim.fq.gz	Animal	Surveillance	Salmonella spp.	USA														
SRR1562599	SRR1562599_1.trim.fq.gz	Animal	Surveillance	Salmonella spp.	USA														
SRR1562600	SRR1562600_1.trim.fq.gz	Animal	Surveillance	Salmonella spp.	USA														
SRR1813455	SRR1813455_1.trim.fq.gz	Animal	Surveillance	Salmonella spp.	USA														
SRR2407565	SRR2407565_1.trim.fq.gz	Animal	Surveillance	Salmonella spp.	USA														
SRR3295831	SRR3295831_1.trim.fq.gz	Animal	Surveillance	Salmonella spp.	USA														
SRR3295878	SRR3295878_1.trim.fq.gz	Animal	Surveillance	Salmonella spp.	USA														
SRR3932886	SRR3932886_1.trim.fq.gz	Animal	Surveillance	Salmonella spp.	USA														
SRR3933068	SRR3933068_1.trim.fq.gz	Animal	Surveillance	Salmonella spp.	USA														
SRR1203019	SRR1203019_1.trim.fq.gz	Animal	Surveillance	Salmonella spp.	USA														
SRR1220706	SRR1220706_1.trim.fq.gz	Animal	Surveillance	Salmonella spp.	USA														
SRR1257300	SRR1257300_1.trim.fq.gz	Animal	Surveillance	Salmonella spp.	USA														
SRR1257307	SRR1257307_1.trim.fq.gz	Animal	Surveillance	Salmonella spp.	USA														
SRR1514721	SRR1514721_1.trim.fq.gz	Animal	Surveillance	Salmonella spp.	USA														
SRR1514724	SRR1514724_1.trim.fq.gz	Animal	Surveillance	Salmonella spp.	USA														
SRR1514768	SRR1514768_1.trim.fq.gz	Animal	Surveillance	Salmonella spp.	USA														
SRR1525269	SRR1525269_1.trim.fq.gz	Animal	Surveillance	Salmonella spp.	USA														
SRR1060582	SRR1060582_1.trim.fq.gz	Animal	Surveillance	Salmonella spp.	USA														
SRR1122619	SRR1122619_1.trim.fq.gz	Animal	Surveillance	Salmonella spp.	USA														
SRR1122635	SRR1122635_1.trim.fq.gz	Animal	Surveillance	Salmonella spp.	USA														
SRR1122659	SRR1122659_1.trim.fq.gz	Animal	Surveillance	Salmonella spp.	USA														
SRR1181566	SRR1181566_1.trim.fq.gz	Animal	Surveillance	Salmonella spp.	USA														
SRR1200748	SRR1200748_1.trim.fq.gz	Animal	Surveillance	Salmonella spp.	USA														
SRR1200761	SRR1200761_1.trim.fq.gz	Animal	Surveillance	Salmonella spp.	USA														
SRR1202997	SRR1202997_1.trim.fq.gz	Animal	Surveillance	Salmonella spp.	USA														
SRR1203044	SRR1203044_1.trim.fq.gz	Animal	Surveillance	Salmonella spp.	USA														
SRR1220721	SRR1220721_1.trim.fq.gz	Animal	Surveillance	Salmonella spp.	USA														
SRR1299364	SRR1299364_1.trim.fq.gz	Animal	Surveillance	Salmonella spp.	USA														
SRR1300595	SRR1300595_1.trim.fq.gz	Animal	Surveillance	Salmonella spp.	USA														
SRR1300663	SRR1300663_1.trim.fq.gz	Animal	Surveillance	Salmonella spp.	USA														
SRR1300722	SRR1300722_1.trim.fq.gz	Animal	Surveillance	Salmonella spp.	USA														
SRR1514746	SRR1514746_1.trim.fq.gz	Animal	Surveillance	Salmonella spp.	USA														
SRR1544208	SRR1544208_1.trim.fq.gz	Animal	Surveillance	Salmonella spp.	USA														
SRR1544246	SRR1544246_1.trim.fq.gz	Animal	Surveillance	Salmonella spp.	USA														
SRR1544295	SRR1544295_1.trim.fq.gz	Animal	Surveillance	Salmonella spp.	USA														
SRR1544433	SRR1544433_1.trim.fq.gz	Animal	Surveillance	Salmonella spp.	USA														
SRR1556103	SRR1556103_1.trim.fq.gz	Animal	Surveillance	Salmonella spp.	USA														
SRR1574320	SRR1574320_1.trim.fq.gz	Animal	Surveillance	Salmonella spp.	USA														
SRR1598889	SRR1598889_1.trim.fq.gz	Animal	Surveillance	Salmonella spp.	USA														
SRR1636987	SRR1636987_1.trim.fq.gz	Animal	Surveillance	Salmonella spp.	USA														
SRR1783171	SRR1783171_1.trim.fq.gz	Animal	Surveillance	Salmonella spp.	USA														
SRR1805574	SRR1805574_1.trim.fq.gz	Animal	Surveillance	Salmonella spp.	USA														
SRR1805653	SRR1805653_1.trim.fq.gz	Animal	Surveillance	Salmonella spp.	USA														
SRR1813446	SRR1813446_1.trim.fq.gz	Animal	Surveillance	Salmonella spp.	USA														
SRR1946938	SRR1946938_1.trim.fq.gz	Animal	Surveillance	Salmonella spp.	USA														
SRR1951843	SRR1951843_1.trim.fq.gz	Animal	Surveillance	Salmonella spp.	USA														
SRR2070987	SRR2070987_1.trim.fq.gz	Animal	Surveillance	Salmonella spp.	USA														
SRR2407532	SRR2407532_1.trim.fq.gz	Animal	Surveillance	Salmonella spp.	USA														
SRR2407533	SRR2407533_1.trim.fq.gz	Animal	Surveillance	Salmonella spp.	USA														
SRR2407534	SRR2407534_1.trim.fq.gz	Animal	Surveillance	Salmonella spp.	USA														
SRR2407535	SRR2407535_1.trim.fq.gz	Animal	Surveillance	Salmonella spp.	USA														
SRR2407536	SRR2407536_1.trim.fq.gz	Animal	Surveillance	Salmonella spp.	USA														
SRR2407537	SRR2407537_1.trim.fq.gz	Animal	Surveillance	Salmonella spp.	USA														
SRR2407538	SRR2407538_1.trim.fq.gz	Animal	Surveillance	Salmonella spp.	USA														
SRR2407539	SRR2407539_1.trim.fq.gz	Animal	Surveillance	Salmonella spp.	USA														
SRR2407541	SRR2407541_1.trim.fq.gz	Animal	Surveillance	Salmonella spp.	USA														
SRR2407543	SRR2407543_1.trim.fq.gz	Animal	Surveillance	Salmonella spp.	USA														
SRR2407544	SRR2407544_1.trim.fq.gz	Animal	Surveillance	Salmonella spp.	USA														
SRR2407545	SRR2407545_1.trim.fq.gz	Animal	Surveillance	Salmonella spp.	USA														
SRR2407546	SRR2407546_1.trim.fq.gz	Animal	Surveillance	Salmonella spp.	USA														
SRR2407547	SRR2407547_1.trim.fq.gz	Animal	Surveillance	Salmonella spp.	USA														
SRR2407548	SRR2407548_1.trim.fq.gz	Animal	Surveillance	Salmonella spp.	USA														
SRR2407549	SRR2407549_1.trim.fq.gz	Animal	Surveillance	Salmonella spp.	USA														
SRR2407550	SRR2407550_1.trim.fq.gz	Animal	Surveillance	Salmonella spp.	USA														
SRR2407551	SRR2407551_1.trim.fq.gz	Animal	Surveillance	Salmonella spp.	USA														
SRR2407552	SRR2407552_1.trim.fq.gz	Animal	Surveillance	Salmonella spp.	USA														
SRR2407553	SRR2407553_1.trim.fq.gz	Animal	Surveillance	Salmonella spp.	USA														
SRR2407554	SRR2407554_1.trim.fq.gz	Animal	Surveillance	Salmonella spp.	USA														
SRR2407555	SRR2407555_1.trim.fq.gz	Animal	Surveillance	Salmonella spp.	USA														
SRR2407556	SRR2407556_1.trim.fq.gz	Animal	Surveillance	Salmonella spp.	USA														
SRR2407557	SRR2407557_1.trim.fq.gz	Animal	Surveillance	Salmonella spp.	USA														
SRR2407558	SRR2407558_1.trim.fq.gz	Animal	Surveillance	Salmonella spp.	USA														
SRR2407559	SRR2407559_1.trim.fq.gz	Animal	Surveillance	Salmonella spp.	USA														
SRR2407560	SRR2407560_1.trim.fq.gz	Animal	Surveillance	Salmonella spp.	USA														
SRR2407561	SRR2407561_1.trim.fq.gz	Animal	Surveillance	Salmonella spp.	USA														
SRR2407562	SRR2407562_1.trim.fq.gz	Animal	Surveillance	Salmonella spp.	USA														
SRR2407563	SRR2407563_1.trim.fq.gz	Animal	Surveillance	Salmonella spp.	USA														
SRR2407564	SRR2407564_1.trim.fq.gz	Animal	Surveillance	Salmonella spp.	USA														
SRR2407566	SRR2407566_1.trim.fq.gz	Animal	Surveillance	Salmonella spp.	USA														
SRR2407567	SRR2407567_1.trim.fq.gz	Animal	Surveillance	Salmonella spp.	USA														
SRR2407568	SRR2407568_1.trim.fq.gz	Animal	Surveillance	Salmonella spp.	USA														
SRR2407569	SRR2407569_1.trim.fq.gz	Animal	Surveillance	Salmonella spp.	USA														
SRR2407570	SRR2407570_1.trim.fq.gz	Animal	Surveillance	Salmonella spp.	USA														
SRR2407571	SRR2407571_1.trim.fq.gz	Animal	Surveillance	Salmonella spp.	USA														
SRR2407572	SRR2407572_1.trim.fq.gz	Animal	Surveillance	Salmonella spp.	USA														
SRR2407573	SRR2407573_1.trim.fq.gz	Animal	Surveillance	Salmonella spp.	USA														
SRR2407574	SRR2407574_1.trim.fq.gz	Animal	Surveillance	Salmonella spp.	USA														
SRR2407575	SRR2407575_1.trim.fq.gz	Animal	Surveillance	Salmonella spp.	USA														
SRR2407576	SRR2407576_1.trim.fq.gz	Animal	Surveillance	Salmonella spp.	USA														
SRR2407577	SRR2407577_1.trim.fq.gz	Animal	Surveillance	Salmonella spp.	USA														
SRR2407578	SRR2407578_1.trim.fq.gz	Animal	Surveillance	Salmonella spp.	USA														
SRR2407579	SRR2407579_1.trim.fq.gz	Animal	Surveillance	Salmonella spp.	USA														
SRR2407580	SRR2407580_1.trim.fq.gz	Animal	Surveillance	Salmonella spp.	USA														
SRR2407581	SRR2407581_1.trim.fq.gz	Animal	Surveillance	Salmonella spp.	USA														
SRR2407582	SRR2407582_1.trim.fq.gz	Animal	Surveillance	Salmonella spp.	USA														
SRR2407583	SRR2407583_1.trim.fq.gz	Animal	Surveillance	Salmonella spp.	USA														
SRR2407584	SRR2407584_1.trim.fq.gz	Animal	Surveillance	Salmonella spp.	USA														
SRR2407585	SRR2407585_1.trim.fq.gz	Animal	Surveillance	Salmonella spp.	USA														
SRR2407586	SRR2407586_1.trim.fq.gz	Animal	Surveillance	Salmonella spp.	USA														
SRR2407587	SRR2407587_1.trim.fq.gz	Animal	Surveillance	Salmonella spp.	USA														
SRR2407588	SRR2407588_1.trim.fq.gz	Animal	Surveillance	Salmonella spp.	USA														
SRR2407589	SRR2407589_1.trim.fq.gz	Animal	Surveillance	Salmonella spp.	USA														
SRR2407590	SRR2407590_1.trim.fq.gz	Animal	Surveillance	Salmonella spp.	USA														
SRR2407591	SRR2407591_1.trim.fq.gz	Animal	Surveillance	Salmonella spp.	USA														
SRR2407592	SRR2407592_1.trim.fq.gz	Animal	Surveillance	Salmonella spp.	USA														
SRR2407593	SRR2407593_1.trim.fq.gz	Animal	Surveillance	Salmonella spp.	USA														
SRR2407594	SRR2407594_1.trim.fq.gz	Animal	Surveillance	Salmonella spp.	USA														
SRR2407595	SRR2407595_1.trim.fq.gz	Animal	Surveillance	Salmonella spp.	USA														
SRR2407596	SRR2407596_1.trim.fq.gz	Animal	Surveillance	Salmonella spp.	USA														
SRR2407597	SRR2407597_1.trim.fq.gz	Animal	Surveillance	Salmonella spp.	USA														
SRR2407598	SRR2407598_1.trim.fq.gz	Animal	Surveillance	Salmonella spp.	USA														
SRR2407599	SRR2407599_1.trim.fq.gz	Animal	Surveillance	Salmonella spp.	USA														
SRR2407602	SRR2407602_1.trim.fq.gz	Animal	Surveillance	Salmonella spp.	USA														
SRR2407603	SRR2407603_1.trim.fq.gz	Animal	Surveillance	Salmonella spp.	USA														
SRR2407604	SRR2407604_1.trim.fq.gz	Animal	Surveillance	Salmonella spp.	USA														
SRR2407605	SRR2407605_1.trim.fq.gz	Animal	Surveillance	Salmonella spp.	USA														
SRR2407606	SRR2407606_1.trim.fq.gz	Animal	Surveillance	Salmonella spp.	USA														
SRR2407607	SRR2407607_1.trim.fq.gz	Animal	Surveillance	Salmonella spp.	USA														
SRR2407608	SRR2407608_1.trim.fq.gz	Animal	Surveillance	Salmonella spp.	USA														
SRR2407609	SRR2407609_1.trim.fq.gz	Animal	Surveillance	Salmonella spp.	USA														
SRR2407611	SRR2407611_1.trim.fq.gz	Animal	Surveillance	Salmonella spp.	USA														
SRR2407612	SRR2407612_1.trim.fq.gz	Animal	Surveillance	Salmonella spp.	USA														
SRR2407613	SRR2407613_1.trim.fq.gz	Animal	Surveillance	Salmonella spp.	USA														
SRR2407614	SRR2407614_1.trim.fq.gz	Animal	Surveillance	Salmonella spp.	USA														
SRR2407615	SRR2407615_1.trim.fq.gz	Animal	Surveillance	Salmonella spp.	USA														
SRR2407616	SRR2407616_1.trim.fq.gz	Animal	Surveillance	Salmonella spp.	USA														
SRR2407617	SRR2407617_1.trim.fq.gz	Animal	Surveillance	Salmonella spp.	USA														
SRR2407618	SRR2407618_1.trim.fq.gz	Animal	Surveillance	Salmonella spp.	USA														
SRR2407619	SRR2407619_1.trim.fq.gz	Animal	Surveillance	Salmonella spp.	USA														
SRR2407620	SRR2407620_1.trim.fq.gz	Animal	Surveillance	Salmonella spp.	USA														
SRR2407622	SRR2407622_1.trim.fq.gz	Animal	Surveillance	Salmonella spp.	USA														
SRR2407623	SRR2407623_1.trim.fq.gz	Animal	Surveillance	Salmonella spp.	USA														
SRR2407624	SRR2407624_1.trim.fq.gz	Animal	Surveillance	Salmonella spp.	USA														
SRR2407625	SRR2407625_1.trim.fq.gz	Animal	Surveillance	Salmonella spp.	USA														
SRR2407626	SRR2407626_1.trim.fq.gz	Animal	Surveillance	Salmonella spp.	USA														
SRR2407627	SRR2407627_1.trim.fq.gz	Animal	Surveillance	Salmonella spp.	USA														
SRR2407628	SRR2407628_1.trim.fq.gz	Animal	Surveillance	Salmonella spp.	USA														
SRR2407629	SRR2407629_1.trim.fq.gz	Animal	Surveillance	Salmonella spp.	USA														
SRR2407630	SRR2407630_1.trim.fq.gz	Animal	Surveillance	Salmonella spp.	USA														
SRR2407631	SRR2407631_1.trim.fq.gz	Animal	Surveillance	Salmonella spp.	USA														
SRR2407632	SRR2407632_1.trim.fq.gz	Animal	Surveillance	Salmonella spp.	USA														
SRR2407633	SRR2407633_1.trim.fq.gz	Animal	Surveillance	Salmonella spp.	USA														
SRR2407634	SRR2407634_1.trim.fq.gz	Animal	Surveillance	Salmonella spp.	USA														
SRR2407635	SRR2407635_1.trim.fq.gz	Animal	Surveillance	Salmonella spp.	USA														
SRR2407636	SRR2407636_1.trim.fq.gz	Animal	Surveillance	Salmonella spp.	USA														
SRR2407637	SRR2407637_1.trim.fq.gz	Animal	Surveillance	Salmonella spp.	USA														
SRR2407638	SRR2407638_1.trim.fq.gz	Animal	Surveillance	Salmonella spp.	USA														
SRR2407639	SRR2407639_1.trim.fq.gz	Animal	Surveillance	Salmonella spp.	USA														
SRR2407640	SRR2407640_1.trim.fq.gz	Animal	Surveillance	Salmonella spp.	USA														
SRR2407641	SRR2407641_1.trim.fq.gz	Animal	Surveillance	Salmonella spp.	USA														
SRR2407642	SRR2407642_1.trim.fq.gz	Animal	Surveillance	Salmonella spp.	USA														
SRR2407643	SRR2407643_1.trim.fq.gz	Animal	Surveillance	Salmonella spp.	USA														
SRR2407644	SRR2407644_1.trim.fq.gz	Animal	Surveillance	Salmonella spp.	USA														
SRR2407645	SRR2407645_1.trim.fq.gz	Animal	Surveillance	Salmonella spp.	USA														
SRR2407646	SRR2407646_1.trim.fq.gz	Animal	Surveillance	Salmonella spp.	USA														
SRR2407647	SRR2407647_1.trim.fq.gz	Animal	Surveillance	Salmonella spp.	USA														
SRR2407648	SRR2407648_1.trim.fq.gz	Animal	Surveillance	Salmonella spp.	USA														
SRR2407649	SRR2407649_1.trim.fq.gz	Animal	Surveillance	Salmonella spp.	USA														
SRR2407650	SRR2407650_1.trim.fq.gz	Animal	Surveillance	Salmonella spp.	USA														
SRR2407651	SRR2407651_1.trim.fq.gz	Animal	Surveillance	Salmonella spp.	USA														
SRR2407652	SRR2407652_1.trim.fq.gz	Animal	Surveillance	Salmonella spp.	USA														
SRR2407653	SRR2407653_1.trim.fq.gz	Animal	Surveillance	Salmonella spp.	USA														
SRR2407654	SRR2407654_1.trim.fq.gz	Animal	Surveillance	Salmonella spp.	USA														
SRR2407655	SRR2407655_1.trim.fq.gz	Animal	Surveillance	Salmonella spp.	USA														
SRR2407656	SRR2407656_1.trim.fq.gz	Animal	Surveillance	Salmonella spp.	USA														
SRR2407657	SRR2407657_1.trim.fq.gz	Animal	Surveillance	Salmonella spp.	USA														
SRR2407658	SRR2407658_1.trim.fq.gz	Animal	Surveillance	Salmonella spp.	USA														
SRR2407659	SRR2407659_1.trim.fq.gz	Animal	Surveillance	Salmonella spp.	USA														
SRR2407660	SRR2407660_1.trim.fq.gz	Animal	Surveillance	Salmonella spp.	USA														
SRR2407662	SRR2407662_1.trim.fq.gz	Animal	Surveillance	Salmonella spp.	USA														
SRR2407663	SRR2407663_1.trim.fq.gz	Animal	Surveillance	Salmonella spp.	USA														
SRR2407664	SRR2407664_1.trim.fq.gz	Animal	Surveillance	Salmonella spp.	USA														
SRR2407665	SRR2407665_1.trim.fq.gz	Animal	Surveillance	Salmonella spp.	USA														
SRR2407666	SRR2407666_1.trim.fq.gz	Animal	Surveillance	Salmonella spp.	USA														
SRR2407667	SRR2407667_1.trim.fq.gz	Animal	Surveillance	Salmonella spp.	USA														
SRR2407668	SRR2407668_1.trim.fq.gz	Animal	Surveillance	Salmonella spp.	USA														
SRR2407670	SRR2407670_1.trim.fq.gz	Animal	Surveillance	Salmonella spp.	USA														
SRR2407671	SRR2407671_1.trim.fq.gz	Animal	Surveillance	Salmonella spp.	USA														
SRR2407672	SRR2407672_1.trim.fq.gz	Animal	Surveillance	Salmonella spp.	USA														
SRR2407673	SRR2407673_1.trim.fq.gz	Animal	Surveillance	Salmonella spp.	USA														
SRR2407674	SRR2407674_1.trim.fq.gz	Animal	Surveillance	Salmonella spp.	USA														
SRR2407675	SRR2407675_1.trim.fq.gz	Animal	Surveillance	Salmonella spp.	USA														
SRR2407676	SRR2407676_1.trim.fq.gz	Animal	Surveillance	Salmonella spp.	USA														
SRR2407677	SRR2407677_1.trim.fq.gz	Animal	Surveillance	Salmonella spp.	USA														
SRR2407678	SRR2407678_1.trim.fq.gz	Animal	Surveillance	Salmonella spp.	USA														
SRR2407679	SRR2407679_1.trim.fq.gz	Animal	Surveillance	Salmonella spp.	USA														
SRR2407680	SRR2407680_1.trim.fq.gz	Animal	Surveillance	Salmonella spp.	USA														
SRR2407681	SRR2407681_1.trim.fq.gz	Animal	Surveillance	Salmonella spp.	USA														
SRR2407682	SRR2407682_1.trim.fq.gz	Animal	Surveillance	Salmonella spp.	USA														
SRR2407683	SRR2407683_1.trim.fq.gz	Animal	Surveillance	Salmonella spp.	USA														
SRR2407684	SRR2407684_1.trim.fq.gz	Animal	Surveillance	Salmonella spp.	USA														
SRR2407685	SRR2407685_1.trim.fq.gz	Animal	Surveillance	Salmonella spp.	USA														
SRR2407686	SRR2407686_1.trim.fq.gz	Animal	Surveillance	Salmonella spp.	USA														
SRR2407687	SRR2407687_1.trim.fq.gz	Animal	Surveillance	Salmonella spp.	USA														
SRR2407688	SRR2407688_1.trim.fq.gz	Animal	Surveillance	Salmonella spp.	USA														
SRR2407689	SRR2407689_1.trim.fq.gz	Animal	Surveillance	Salmonella spp.	USA														
SRR2407690	SRR2407690_1.trim.fq.gz	Animal	Surveillance	Salmonella spp.	USA														
SRR2407691	SRR2407691_1.trim.fq.gz	Animal	Surveillance	Salmonella spp.	USA														
SRR2407692	SRR2407692_1.trim.fq.gz	Animal	Surveillance	Salmonella spp.	USA														
SRR2407693	SRR2407693_1.trim.fq.gz	Animal	Surveillance	Salmonella spp.	USA														
SRR2407694	SRR2407694_1.trim.fq.gz	Animal	Surveillance	Salmonella spp.	USA														
SRR2407695	SRR2407695_1.trim.fq.gz	Animal	Surveillance	Salmonella spp.	USA														
SRR2407696	SRR2407696_1.trim.fq.gz	Animal	Surveillance	Salmonella spp.	USA														
SRR2407697	SRR2407697_1.trim.fq.gz	Animal	Surveillance	Salmonella spp.	USA														
SRR2407699	SRR2407699_1.trim.fq.gz	Animal	Surveillance	Salmonella spp.	USA														
SRR2407700	SRR2407700_1.trim.fq.gz	Animal	Surveillance	Salmonella spp.	USA														
SRR2407701	SRR2407701_1.trim.fq.gz	Animal	Surveillance	Salmonella spp.	USA														
SRR2407702	SRR2407702_1.trim.fq.gz	Animal	Surveillance	Salmonella spp.	USA														
SRR2407703	SRR2407703_1.trim.fq.gz	Animal	Surveillance	Salmonella spp.	USA														
SRR2407704	SRR2407704_1.trim.fq.gz	Animal	Surveillance	Salmonella spp.	USA														
SRR2407705	SRR2407705_1.trim.fq.gz	Animal	Surveillance	Salmonella spp.	USA														
SRR2407706	SRR2407706_1.trim.fq.gz	Animal	Surveillance	Salmonella spp.	USA														
SRR2407707	SRR2407707_1.trim.fq.gz	Animal	Surveillance	Salmonella spp.	USA														
SRR2407708	SRR2407708_1.trim.fq.gz	Animal	Surveillance	Salmonella spp.	USA														
SRR2407709	SRR2407709_1.trim.fq.gz	Animal	Surveillance	Salmonella spp.	USA														
SRR2407710	SRR2407710_1.trim.fq.gz	Animal	Surveillance	Salmonella spp.	USA														
SRR2407711	SRR2407711_1.trim.fq.gz	Animal	Surveillance	Salmonella spp.	USA														
SRR2407712	SRR2407712_1.trim.fq.gz	Animal	Surveillance	Salmonella spp.	USA														
SRR2407713	SRR2407713_1.trim.fq.gz	Animal	Surveillance	Salmonella spp.	USA														
SRR2407714	SRR2407714_1.trim.fq.gz	Animal	Surveillance	Salmonella spp.	USA														
SRR2407715	SRR2407715_1.trim.fq.gz	Animal	Surveillance	Salmonella spp.	USA														
SRR2407716	SRR2407716_1.trim.fq.gz	Animal	Surveillance	Salmonella spp.	USA														
SRR2407717	SRR2407717_1.trim.fq.gz	Animal	Surveillance	Salmonella spp.	USA														
SRR2407718	SRR2407718_1.trim.fq.gz	Animal	Surveillance	Salmonella spp.	USA														
SRR2407720	SRR2407720_1.trim.fq.gz	Animal	Surveillance	Salmonella spp.	USA														
SRR2407721	SRR2407721_1.trim.fq.gz	Animal	Surveillance	Salmonella spp.	USA														
SRR2407722	SRR2407722_1.trim.fq.gz	Animal	Surveillance	Salmonella spp.	USA														
SRR2407723	SRR2407723_1.trim.fq.gz	Animal	Surveillance	Salmonella spp.	USA														
SRR2407724	SRR2407724_1.trim.fq.gz	Animal	Surveillance	Salmonella spp.	USA														
SRR2407725	SRR2407725_1.trim.fq.gz	Animal	Surveillance	Salmonella spp.	USA														
SRR2407726	SRR2407726_1.trim.fq.gz	Animal	Surveillance	Salmonella spp.	USA														
SRR2407727	SRR2407727_1.trim.fq.gz	Animal	Surveillance	Salmonella spp.	USA														
SRR2407728	SRR2407728_1.trim.fq.gz	Animal	Surveillance	Salmonella spp.	USA														
SRR2407729	SRR2407729_1.trim.fq.gz	Animal	Surveillance	Salmonella spp.	USA														
SRR2407730	SRR2407730_1.trim.fq.gz	Animal	Surveillance	Salmonella spp.	USA														
SRR2407731	SRR2407731_1.trim.fq.gz	Animal	Surveillance	Salmonella spp.	USA														
SRR2407732	SRR2407732_1.trim.fq.gz	Animal	Surveillance	Salmonella spp.	USA														
SRR2407733	SRR2407733_1.trim.fq.gz	Animal	Surveillance	Salmonella spp.	USA														
SRR2407734	SRR2407734_1.trim.fq.gz	Animal	Surveillance	Salmonella spp.	USA														
SRR2407735	SRR2407735_1.trim.fq.gz	Animal	Surveillance	Salmonella spp.	USA														
SRR2407736	SRR2407736_1.trim.fq.gz	Animal	Surveillance	Salmonella spp.	USA														
SRR2407737	SRR2407737_1.trim.fq.gz	Animal	Surveillance	Salmonella spp.	USA														
SRR2407738	SRR2407738_1.trim.fq.gz	Animal	Surveillance	Salmonella spp.	USA														
SRR2407739	SRR2407739_1.trim.fq.gz	Animal	Surveillance	Salmonella spp.	USA														
SRR2407740	SRR2407740_1.trim.fq.gz	Animal	Surveillance	Salmonella spp.	USA														
SRR2407741	SRR2407741_1.trim.fq.gz	Animal	Surveillance	Salmonella spp.	USA														
SRR2407742	SRR2407742_1.trim.fq.gz	Animal	Surveillance	Salmonella spp.	USA														
SRR2407743	SRR2407743_1.trim.fq.gz	Animal	Surveillance	Salmonella spp.	USA														
SRR2407744	SRR2407744_1.trim.fq.gz	Animal	Surveillance	Salmonella spp.	USA														
SRR2407745	SRR2407745_1.trim.fq.gz	Animal	Surveillance	Salmonella spp.	USA														
SRR2407746	SRR2407746_1.trim.fq.gz	Animal	Surveillance	Salmonella spp.	USA														
SRR2407747	SRR2407747_1.trim.fq.gz	Animal	Surveillance	Salmonella spp.	USA														
SRR2407748	SRR2407748_1.trim.fq.gz	Animal	Surveillance	Salmonella spp.	USA														
SRR2407749	SRR2407749_1.trim.fq.gz	Animal	Surveillance	Salmonella spp.	USA														
SRR2407750	SRR2407750_1.trim.fq.gz	Animal	Surveillance	Salmonella spp.	USA														
SRR2407751	SRR2407751_1.trim.fq.gz	Animal	Surveillance	Salmonella spp.	USA														
SRR2407752	SRR2407752_1.trim.fq.gz	Animal	Surveillance	Salmonella spp.	USA														
SRR2407753	SRR2407753_1.trim.fq.gz	Animal	Surveillance	Salmonella spp.	USA														
SRR2407754	SRR2407754_1.trim.fq.gz	Animal	Surveillance	Salmonella spp.	USA														
SRR2407755	SRR2407755_1.trim.fq.gz	Animal	Surveillance	Salmonella spp.	USA														
SRR2407756	SRR2407756_1.trim.fq.gz	Animal	Surveillance	Salmonella spp.	USA														
SRR2407757	SRR2407757_1.trim.fq.gz	Animal	Surveillance	Salmonella spp.	USA														
SRR2407758	SRR2407758_1.trim.fq.gz	Animal	Surveillance	Salmonella spp.	USA														
SRR2407759	SRR2407759_1.trim.fq.gz	Animal	Surveillance	Salmonella spp.	USA														
SRR2407760	SRR2407760_1.trim.fq.gz	Animal	Surveillance	Salmonella spp.	USA														
SRR2407761	SRR2407761_1.trim.fq.gz	Animal	Surveillance	Salmonella spp.	USA														
SRR2407762	SRR2407762_1.trim.fq.gz	Animal	Surveillance	Salmonella spp.	USA														
SRR2407763	SRR2407763_1.trim.fq.gz	Animal	Surveillance	Salmonella spp.	USA														
SRR2407764	SRR2407764_1.trim.fq.gz	Animal	Surveillance	Salmonella spp.	USA														
SRR2407765	SRR2407765_1.trim.fq.gz	Animal	Surveillance	Salmonella spp.	USA														
SRR2407766	SRR2407766_1.trim.fq.gz	Animal	Surveillance	Salmonella spp.	USA														
SRR2407767	SRR2407767_1.trim.fq.gz	Animal	Surveillance	Salmonella spp.	USA														
SRR2407768	SRR2407768_1.trim.fq.gz	Animal	Surveillance	Salmonella spp.	USA														
SRR2407769	SRR2407769_1.trim.fq.gz	Animal	Surveillance	Salmonella spp.	USA														
SRR2407770	SRR2407770_1.trim.fq.gz	Animal	Surveillance	Salmonella spp.	USA														
SRR2407771	SRR2407771_1.trim.fq.gz	Animal	Surveillance	Salmonella spp.	USA														
SRR2407772	SRR2407772_1.trim.fq.gz	Animal	Surveillance	Salmonella spp.	USA														
SRR2407773	SRR2407773_1.trim.fq.gz	Animal	Surveillance	Salmonella spp.	USA														
SRR2407774	SRR2407774_1.trim.fq.gz	Animal	Surveillance	Salmonella spp.	USA														
SRR2407775	SRR2407775_1.trim.fq.gz	Animal	Surveillance	Salmonella spp.	USA														
SRR2407776	SRR2407776_1.trim.fq.gz	Animal	Surveillance	Salmonella spp.	USA														
SRR2407779	SRR2407779_1.trim.fq.gz	Animal	Surveillance	Salmonella spp.	USA														
SRR2407780	SRR2407780_1.trim.fq.gz	Animal	Surveillance	Salmonella spp.	USA														
SRR2407781	SRR2407781_1.trim.fq.gz	Animal	Surveillance	Salmonella spp.	USA														
SRR2407782	SRR2407782_1.trim.fq.gz	Animal	Surveillance	Salmonella spp.	USA														
SRR2407783	SRR2407783_1.trim.fq.gz	Animal	Surveillance	Salmonella spp.	USA														
SRR2407784	SRR2407784_1.trim.fq.gz	Animal	Surveillance	Salmonella spp.	USA														
SRR2407785	SRR2407785_1.trim.fq.gz	Animal	Surveillance	Salmonella spp.	USA														
SRR2407786	SRR2407786_1.trim.fq.gz	Animal	Surveillance	Salmonella spp.	USA														
SRR2407790	SRR2407790_1.trim.fq.gz	Animal	Surveillance	Salmonella spp.	USA														
SRR2407791	SRR2407791_1.trim.fq.gz	Animal	Surveillance	Salmonella spp.	USA														
SRR2407792	SRR2407792_1.trim.fq.gz	Animal	Surveillance	Salmonella spp.	USA														
SRR2407793	SRR2407793_1.trim.fq.gz	Animal	Surveillance	Salmonella spp.	USA														
SRR2407794	SRR2407794_1.trim.fq.gz	Animal	Surveillance	Salmonella spp.	USA														
SRR2407796	SRR2407796_1.trim.fq.gz	Animal	Surveillance	Salmonella spp.	USA														
SRR2407797	SRR2407797_1.trim.fq.gz	Animal	Surveillance	Salmonella spp.	USA														
SRR2407798	SRR2407798_1.trim.fq.gz	Animal	Surveillance	Salmonella spp.	USA														
SRR2407799	SRR2407799_1.trim.fq.gz	Animal	Surveillance	Salmonella spp.	USA														
SRR2407800	SRR2407800_1.trim.fq.gz	Animal	Surveillance	Salmonella spp.	USA														
SRR2407801	SRR2407801_1.trim.fq.gz	Animal	Surveillance	Salmonella spp.	USA														
SRR2407802	SRR2407802_1.trim.fq.gz	Animal	Surveillance	Salmonella spp.	USA														
SRR2532634	SRR2532634_1.trim.fq.gz	Animal	Surveillance	Salmonella spp.	USA														
SRR2533435	SRR2533435_1.trim.fq.gz	Animal	Surveillance	Salmonella spp.	USA														
SRR2533438	SRR2533438_1.trim.fq.gz	Animal	Surveillance	Salmonella spp.	USA														
SRR2533441	SRR2533441_1.trim.fq.gz	Animal	Surveillance	Salmonella spp.	USA														
SRR2533449	SRR2533449_1.trim.fq.gz	Animal	Surveillance	Salmonella spp.	USA														
SRR2533556	SRR2533556_1.trim.fq.gz	Animal	Surveillance	Salmonella spp.	USA														
SRR2533558	SRR2533558_1.trim.fq.gz	Animal	Surveillance	Salmonella spp.	USA														
SRR2670703	SRR2670703_1.trim.fq.gz	Animal	Surveillance	Salmonella spp.	USA														
SRR2724056	SRR2724056_1.trim.fq.gz	Animal	Surveillance	Salmonella spp.	USA														
SRR2724059	SRR2724059_1.trim.fq.gz	Animal	Surveillance	Salmonella spp.	USA														
SRR2889981	SRR2889981_1.trim.fq.gz	Animal	Surveillance	Salmonella spp.	USA														
SRR2912654	SRR2912654_1.trim.fq.gz	Animal	Surveillance	Salmonella spp.	USA														
SRR2979519	SRR2979519_1.trim.fq.gz	Animal	Surveillance	Salmonella spp.	USA														
SRR3131144	SRR3131144_1.trim.fq.gz	Animal	Surveillance	Salmonella spp.	USA														
SRR3143811	SRR3143811_1.trim.fq.gz	Animal	Surveillance	Salmonella spp.	USA														
SRR3219167	SRR3219167_1.trim.fq.gz	Animal	Surveillance	Salmonella spp.	USA														
SRR3223755	SRR3223755_1.trim.fq.gz	Animal	Surveillance	Salmonella spp.	USA														
SRR3289810	SRR3289810_1.trim.fq.gz	Animal	Surveillance	Salmonella spp.	USA														
SRR3295505	SRR3295505_1.trim.fq.gz	Animal	Surveillance	Salmonella spp.	USA														
SRR3295506	SRR3295506_1.trim.fq.gz	Animal	Surveillance	Salmonella spp.	USA														
SRR3295507	SRR3295507_1.trim.fq.gz	Animal	Surveillance	Salmonella spp.	USA														
SRR3295508	SRR3295508_1.trim.fq.gz	Animal	Surveillance	Salmonella spp.	USA														
SRR3295509	SRR3295509_1.trim.fq.gz	Animal	Surveillance	Salmonella spp.	USA														
SRR3295510	SRR3295510_1.trim.fq.gz	Animal	Surveillance	Salmonella spp.	USA														
SRR3295511	SRR3295511_1.trim.fq.gz	Animal	Surveillance	Salmonella spp.	USA														
SRR3295512	SRR3295512_1.trim.fq.gz	Animal	Surveillance	Salmonella spp.	USA														
SRR3295513	SRR3295513_1.trim.fq.gz	Animal	Surveillance	Salmonella spp.	USA														
SRR3295514	SRR3295514_1.trim.fq.gz	Animal	Surveillance	Salmonella spp.	USA														
SRR3295515	SRR3295515_1.trim.fq.gz	Animal	Surveillance	Salmonella spp.	USA														
SRR3295516	SRR3295516_1.trim.fq.gz	Animal	Surveillance	Salmonella spp.	USA														
SRR3295517	SRR3295517_1.trim.fq.gz	Animal	Surveillance	Salmonella spp.	USA														
SRR3295518	SRR3295518_1.trim.fq.gz	Animal	Surveillance	Salmonella spp.	USA														
SRR3295519	SRR3295519_1.trim.fq.gz	Animal	Surveillance	Salmonella spp.	USA														
SRR3295520	SRR3295520_1.trim.fq.gz	Animal	Surveillance	Salmonella spp.	USA														
SRR3295521	SRR3295521_1.trim.fq.gz	Animal	Surveillance	Salmonella spp.	USA														
SRR3295522	SRR3295522_1.trim.fq.gz	Animal	Surveillance	Salmonella spp.	USA														
SRR3295523	SRR3295523_1.trim.fq.gz	Animal	Surveillance	Salmonella spp.	USA														
SRR3295524	SRR3295524_1.trim.fq.gz	Animal	Surveillance	Salmonella spp.	USA														
SRR3295525	SRR3295525_1.trim.fq.gz	Animal	Surveillance	Salmonella spp.	USA														
SRR3295526	SRR3295526_1.trim.fq.gz	Animal	Surveillance	Salmonella spp.	USA														
SRR3295528	SRR3295528_1.trim.fq.gz	Animal	Surveillance	Salmonella spp.	USA														
SRR3295529	SRR3295529_1.trim.fq.gz	Animal	Surveillance	Salmonella spp.	USA														
SRR3295530	SRR3295530_1.trim.fq.gz	Animal	Surveillance	Salmonella spp.	USA														
SRR3295531	SRR3295531_1.trim.fq.gz	Animal	Surveillance	Salmonella spp.	USA														
SRR3295532	SRR3295532_1.trim.fq.gz	Animal	Surveillance	Salmonella spp.	USA														
SRR3295533	SRR3295533_1.trim.fq.gz	Animal	Surveillance	Salmonella spp.	USA														
SRR3295534	SRR3295534_1.trim.fq.gz	Animal	Surveillance	Salmonella spp.	USA														
SRR3295535	SRR3295535_1.trim.fq.gz	Animal	Surveillance	Salmonella spp.	USA														
SRR3295536	SRR3295536_1.trim.fq.gz	Animal	Surveillance	Salmonella spp.	USA														
SRR3295537	SRR3295537_1.trim.fq.gz	Animal	Surveillance	Salmonella spp.	USA														
SRR3295538	SRR3295538_1.trim.fq.gz	Animal	Surveillance	Salmonella spp.	USA														
SRR3295539	SRR3295539_1.trim.fq.gz	Animal	Surveillance	Salmonella spp.	USA														
SRR3295540	SRR3295540_1.trim.fq.gz	Animal	Surveillance	Salmonella spp.	USA														
SRR3295541	SRR3295541_1.trim.fq.gz	Animal	Surveillance	Salmonella spp.	USA														
SRR3295542	SRR3295542_1.trim.fq.gz	Animal	Surveillance	Salmonella spp.	USA														
SRR3295543	SRR3295543_1.trim.fq.gz	Animal	Surveillance	Salmonella spp.	USA														
SRR3295544	SRR3295544_1.trim.fq.gz	Animal	Surveillance	Salmonella spp.	USA														
SRR3295545	SRR3295545_1.trim.fq.gz	Animal	Surveillance	Salmonella spp.	USA														
SRR3295546	SRR3295546_1.trim.fq.gz	Animal	Surveillance	Salmonella spp.	USA														
SRR3295547	SRR3295547_1.trim.fq.gz	Animal	Surveillance	Salmonella spp.	USA														
SRR3295548	SRR3295548_1.trim.fq.gz	Animal	Surveillance	Salmonella spp.	USA														
SRR3295549	SRR3295549_1.trim.fq.gz	Animal	Surveillance	Salmonella spp.	USA														
SRR3295550	SRR3295550_1.trim.fq.gz	Animal	Surveillance	Salmonella spp.	USA														
SRR3295551	SRR3295551_1.trim.fq.gz	Animal	Surveillance	Salmonella spp.	USA														
SRR3295552	SRR3295552_1.trim.fq.gz	Animal	Surveillance	Salmonella spp.	USA														
SRR3295553	SRR3295553_1.trim.fq.gz	Animal	Surveillance	Salmonella spp.	USA														
SRR3295554	SRR3295554_1.trim.fq.gz	Animal	Surveillance	Salmonella spp.	USA														
SRR3295555	SRR3295555_1.trim.fq.gz	Animal	Surveillance	Salmonella spp.	USA														
SRR3295556	SRR3295556_1.trim.fq.gz	Animal	Surveillance	Salmonella spp.	USA														
SRR3295557	SRR3295557_1.trim.fq.gz	Animal	Surveillance	Salmonella spp.	USA														
SRR3295558	SRR3295558_1.trim.fq.gz	Animal	Surveillance	Salmonella spp.	USA														
SRR3295559	SRR3295559_1.trim.fq.gz	Animal	Surveillance	Salmonella spp.	USA														
SRR3295560	SRR3295560_1.trim.fq.gz	Animal	Surveillance	Salmonella spp.	USA														
SRR3295561	SRR3295561_1.trim.fq.gz	Animal	Surveillance	Salmonella spp.	USA														
SRR3295562	SRR3295562_1.trim.fq.gz	Animal	Surveillance	Salmonella spp.	USA														
SRR3295563	SRR3295563_1.trim.fq.gz	Animal	Surveillance	Salmonella spp.	USA														
SRR3295564	SRR3295564_1.trim.fq.gz	Animal	Surveillance	Salmonella spp.	USA														
SRR3295565	SRR3295565_1.trim.fq.gz	Animal	Surveillance	Salmonella spp.	USA														
SRR3295566	SRR3295566_1.trim.fq.gz	Animal	Surveillance	Salmonella spp.	USA														
SRR3295567	SRR3295567_1.trim.fq.gz	Animal	Surveillance	Salmonella spp.	USA														
SRR3295568	SRR3295568_1.trim.fq.gz	Animal	Surveillance	Salmonella spp.	USA														
SRR3295569	SRR3295569_1.trim.fq.gz	Animal	Surveillance	Salmonella spp.	USA														
SRR3295570	SRR3295570_1.trim.fq.gz	Animal	Surveillance	Salmonella spp.	USA														
SRR3295571	SRR3295571_1.trim.fq.gz	Animal	Surveillance	Salmonella spp.	USA														
SRR3295572	SRR3295572_1.trim.fq.gz	Animal	Surveillance	Salmonella spp.	USA														
SRR3295575	SRR3295575_1.trim.fq.gz	Animal	Surveillance	Salmonella spp.	USA														
SRR3295576	SRR3295576_1.trim.fq.gz	Animal	Surveillance	Salmonella spp.	USA														
SRR3295577	SRR3295577_1.trim.fq.gz	Animal	Surveillance	Salmonella spp.	USA														
SRR3295578	SRR3295578_1.trim.fq.gz	Animal	Surveillance	Salmonella spp.	USA														
SRR3295579	SRR3295579_1.trim.fq.gz	Animal	Surveillance	Salmonella spp.	USA														
SRR3295580	SRR3295580_1.trim.fq.gz	Animal	Surveillance	Salmonella spp.	USA														
SRR3295581	SRR3295581_1.trim.fq.gz	Animal	Surveillance	Salmonella spp.	USA														
SRR3295582	SRR3295582_1.trim.fq.gz	Animal	Surveillance	Salmonella spp.	USA														
SRR3295583	SRR3295583_1.trim.fq.gz	Animal	Surveillance	Salmonella spp.	USA														
SRR3295584	SRR3295584_1.trim.fq.gz	Animal	Surveillance	Salmonella spp.	USA														
SRR3295585	SRR3295585_1.trim.fq.gz	Animal	Surveillance	Salmonella spp.	USA														
SRR3295586	SRR3295586_1.trim.fq.gz	Animal	Surveillance	Salmonella spp.	USA														
SRR3295587	SRR3295587_1.trim.fq.gz	Animal	Surveillance	Salmonella spp.	USA														
SRR3295588	SRR3295588_1.trim.fq.gz	Animal	Surveillance	Salmonella spp.	USA														
SRR3295589	SRR3295589_1.trim.fq.gz	Animal	Surveillance	Salmonella spp.	USA														
SRR3295590	SRR3295590_1.trim.fq.gz	Animal	Surveillance	Salmonella spp.	USA														
SRR3295591	SRR3295591_1.trim.fq.gz	Animal	Surveillance	Salmonella spp.	USA														
SRR3295592	SRR3295592_1.trim.fq.gz	Animal	Surveillance	Salmonella spp.	USA														
SRR3295593	SRR3295593_1.trim.fq.gz	Animal	Surveillance	Salmonella spp.	USA														
SRR3295594	SRR3295594_1.trim.fq.gz	Animal	Surveillance	Salmonella spp.	USA														
SRR3295595	SRR3295595_1.trim.fq.gz	Animal	Surveillance	Salmonella spp.	USA														
SRR3295596	SRR3295596_1.trim.fq.gz	Animal	Surveillance	Salmonella spp.	USA														
SRR3295597	SRR3295597_1.trim.fq.gz	Animal	Surveillance	Salmonella spp.	USA														
SRR3295598	SRR3295598_1.trim.fq.gz	Animal	Surveillance	Salmonella spp.	USA														
SRR3295600	SRR3295600_1.trim.fq.gz	Animal	Surveillance	Salmonella spp.	USA														
SRR3295601	SRR3295601_1.trim.fq.gz	Food	Surveillance	Salmonella spp.	USA														
SRR3295602	SRR3295602_1.trim.fq.gz	Food	Surveillance	Salmonella spp.	USA														
SRR3295603	SRR3295603_1.trim.fq.gz	Food	Surveillance	Salmonella spp.	USA														
SRR3295604	SRR3295604_1.trim.fq.gz	Food	Surveillance	Salmonella spp.	USA														
SRR3295605	SRR3295605_1.trim.fq.gz	Food	Surveillance	Salmonella spp.	USA														
SRR3295606	SRR3295606_1.trim.fq.gz	Food	Surveillance	Salmonella spp.	USA														
SRR3295607	SRR3295607_1.trim.fq.gz	Food	Surveillance	Salmonella spp.	USA														
SRR3295608	SRR3295608_1.trim.fq.gz	Food	Surveillance	Salmonella spp.	USA														
SRR3295609	SRR3295609_1.trim.fq.gz	Food	Surveillance	Salmonella spp.	USA														
SRR3295610	SRR3295610_1.trim.fq.gz	Food	Surveillance	Salmonella spp.	USA														
SRR3295611	SRR3295611_1.trim.fq.gz	Food	Surveillance	Salmonella spp.	USA														
SRR3295613	SRR3295613_1.trim.fq.gz	Food	Surveillance	Salmonella spp.	USA														
SRR3295614	SRR3295614_1.trim.fq.gz	Food	Surveillance	Salmonella spp.	USA														
SRR3295615	SRR3295615_1.trim.fq.gz	Food	Surveillance	Salmonella spp.	USA														
SRR3295616	SRR3295616_1.trim.fq.gz	Food	Surveillance	Salmonella spp.	USA														
SRR3295617	SRR3295617_1.trim.fq.gz	Food	Surveillance	Salmonella spp.	USA														
SRR3295618	SRR3295618_1.trim.fq.gz	Food	Surveillance	Salmonella spp.	USA														
SRR3295631	SRR3295631_1.trim.fq.gz	Food	Surveillance	Salmonella spp.	USA														
SRR3295632	SRR3295632_1.trim.fq.gz	Food	Surveillance	Salmonella spp.	USA														
SRR3295633	SRR3295633_1.trim.fq.gz	Food	Surveillance	Salmonella spp.	USA														
SRR3295634	SRR3295634_1.trim.fq.gz	Food	Surveillance	Salmonella spp.	USA														
SRR3295635	SRR3295635_1.trim.fq.gz	Food	Surveillance	Salmonella spp.	USA														
SRR3295636	SRR3295636_1.trim.fq.gz	Food	Surveillance	Salmonella spp.	USA														
SRR3295638	SRR3295638_1.trim.fq.gz	Food	Surveillance	Salmonella spp.	USA														
SRR3295639	SRR3295639_1.trim.fq.gz	Food	Surveillance	Salmonella spp.	USA														
SRR3295640	SRR3295640_1.trim.fq.gz	Food	Surveillance	Salmonella spp.	USA														
SRR3295641	SRR3295641_1.trim.fq.gz	Food	Surveillance	Salmonella spp.	USA														
SRR3295643	SRR3295643_1.trim.fq.gz	Food	Surveillance	Salmonella spp.	USA														
SRR3295644	SRR3295644_1.trim.fq.gz	Food	Surveillance	Salmonella spp.	USA														
SRR3295645	SRR3295645_1.trim.fq.gz	Food	Surveillance	Salmonella spp.	USA														
SRR3295646	SRR3295646_1.trim.fq.gz	Food	Surveillance	Salmonella spp.	USA														
SRR3295647	SRR3295647_1.trim.fq.gz	Food	Surveillance	Salmonella spp.	USA														
SRR3295648	SRR3295648_1.trim.fq.gz	Food	Surveillance	Salmonella spp.	USA														
SRR3295649	SRR3295649_1.trim.fq.gz	Food	Surveillance	Salmonella spp.	USA														
SRR3295650	SRR3295650_1.trim.fq.gz	Food	Surveillance	Salmonella spp.	USA														
SRR3295651	SRR3295651_1.trim.fq.gz	Food	Surveillance	Salmonella spp.	USA														
SRR3295654	SRR3295654_1.trim.fq.gz	Food	Surveillance	Salmonella spp.	USA														
SRR3295655	SRR3295655_1.trim.fq.gz	Food	Surveillance	Salmonella spp.	USA														
SRR3295656	SRR3295656_1.trim.fq.gz	Food	Surveillance	Salmonella spp.	USA														
SRR3295657	SRR3295657_1.trim.fq.gz	Food	Surveillance	Salmonella spp.	USA														
SRR3295660	SRR3295660_1.trim.fq.gz	Food	Surveillance	Salmonella spp.	USA														
SRR3295661	SRR3295661_1.trim.fq.gz	Food	Surveillance	Salmonella spp.	USA														
SRR3295662	SRR3295662_1.trim.fq.gz	Food	Surveillance	Salmonella spp.	USA														
SRR3295663	SRR3295663_1.trim.fq.gz	Food	Surveillance	Salmonella spp.	USA														
SRR3295664	SRR3295664_1.trim.fq.gz	Food	Surveillance	Salmonella spp.	USA														
SRR3295665	SRR3295665_1.trim.fq.gz	Food	Surveillance	Salmonella spp.	USA														
SRR3295668	SRR3295668_1.trim.fq.gz	Food	Surveillance	Salmonella spp.	USA														
SRR3295669	SRR3295669_1.trim.fq.gz	Food	Surveillance	Salmonella spp.	USA														
SRR3295670	SRR3295670_1.trim.fq.gz	Food	Surveillance	Salmonella spp.	USA														
SRR3295671	SRR3295671_1.trim.fq.gz	Food	Surveillance	Salmonella spp.	USA														
SRR3295672	SRR3295672_1.trim.fq.gz	Food	Surveillance	Salmonella spp.	USA														
SRR3295673	SRR3295673_1.trim.fq.gz	Food	Surveillance	Salmonella spp.	USA														
SRR3295674	SRR3295674_1.trim.fq.gz	Food	Surveillance	Salmonella spp.	USA														
SRR3295675	SRR3295675_1.trim.fq.gz	Food	Surveillance	Salmonella spp.	USA														
SRR3295676	SRR3295676_1.trim.fq.gz	Food	Surveillance	Salmonella spp.	USA														
SRR3295677	SRR3295677_1.trim.fq.gz	Food	Surveillance	Salmonella spp.	USA														
SRR3295678	SRR3295678_1.trim.fq.gz	Food	Surveillance	Salmonella spp.	USA														
SRR3295679	SRR3295679_1.trim.fq.gz	Food	Surveillance	Salmonella spp.	USA														
SRR3295680	SRR3295680_1.trim.fq.gz	Food	Surveillance	Salmonella spp.	USA														
SRR3295682	SRR3295682_1.trim.fq.gz	Food	Surveillance	Salmonella spp.	USA														
SRR3295683	SRR3295683_1.trim.fq.gz	Food	Surveillance	Salmonella spp.	USA														
SRR3295684	SRR3295684_1.trim.fq.gz	Food	Surveillance	Salmonella spp.	USA														
SRR3295685	SRR3295685_1.trim.fq.gz	Food	Surveillance	Salmonella spp.	USA														
SRR3295686	SRR3295686_1.trim.fq.gz	Food	Surveillance	Salmonella spp.	USA														
SRR3295687	SRR3295687_1.trim.fq.gz	Food	Surveillance	Salmonella spp.	USA														
SRR3295688	SRR3295688_1.trim.fq.gz	Food	Surveillance	Salmonella spp.	USA														
SRR3295690	SRR3295690_1.trim.fq.gz	Food	Surveillance	Salmonella spp.	USA														
SRR3295691	SRR3295691_1.trim.fq.gz	Food	Surveillance	Salmonella spp.	USA														
SRR3295692	SRR3295692_1.trim.fq.gz	Food	Surveillance	Salmonella spp.	USA														
SRR3295693	SRR3295693_1.trim.fq.gz	Food	Surveillance	Salmonella spp.	USA														
SRR3295694	SRR3295694_1.trim.fq.gz	Food	Surveillance	Salmonella spp.	USA														
SRR3295695	SRR3295695_1.trim.fq.gz	Food	Surveillance	Salmonella spp.	USA														
SRR3295696	SRR3295696_1.trim.fq.gz	Food	Surveillance	Salmonella spp.	USA														
SRR3295697	SRR3295697_1.trim.fq.gz	Food	Surveillance	Salmonella spp.	USA														
SRR3295698	SRR3295698_1.trim.fq.gz	Food	Surveillance	Salmonella spp.	USA														
SRR3295699	SRR3295699_1.trim.fq.gz	Food	Surveillance	Salmonella spp.	USA														
SRR3295700	SRR3295700_1.trim.fq.gz	Food	Surveillance	Salmonella spp.	USA														
SRR3295701	SRR3295701_1.trim.fq.gz	Food	Surveillance	Salmonella spp.	USA														
SRR3295702	SRR3295702_1.trim.fq.gz	Food	Surveillance	Salmonella spp.	USA														
SRR3295703	SRR3295703_1.trim.fq.gz	Food	Surveillance	Salmonella spp.	USA														
SRR3295705	SRR3295705_1.trim.fq.gz	Food	Surveillance	Salmonella spp.	USA														
SRR3295706	SRR3295706_1.trim.fq.gz	Food	Surveillance	Salmonella spp.	USA														
SRR3295707	SRR3295707_1.trim.fq.gz	Food	Surveillance	Salmonella spp.	USA														
SRR3295708	SRR3295708_1.trim.fq.gz	Food	Surveillance	Salmonella spp.	USA														
SRR3295709	SRR3295709_1.trim.fq.gz	Food	Surveillance	Salmonella spp.	USA														
SRR3295710	SRR3295710_1.trim.fq.gz	Food	Surveillance	Salmonella spp.	USA														
SRR3295711	SRR3295711_1.trim.fq.gz	Food	Surveillance	Salmonella spp.	USA														
SRR3295712	SRR3295712_1.trim.fq.gz	Food	Surveillance	Salmonella spp.	USA														
SRR3295713	SRR3295713_1.trim.fq.gz	Food	Surveillance	Salmonella spp.	USA														
SRR3295714	SRR3295714_1.trim.fq.gz	Food	Surveillance	Salmonella spp.	USA														
SRR3295715	SRR3295715_1.trim.fq.gz	Food	Surveillance	Salmonella spp.	USA														
SRR3295716	SRR3295716_1.trim.fq.gz	Food	Surveillance	Salmonella spp.	USA														
SRR3295717	SRR3295717_1.trim.fq.gz	Food	Surveillance	Salmonella spp.	USA														
SRR3295718	SRR3295718_1.trim.fq.gz	Food	Surveillance	Salmonella spp.	USA														
SRR3295719	SRR3295719_1.trim.fq.gz	Food	Surveillance	Salmonella spp.	USA														
SRR3295720	SRR3295720_1.trim.fq.gz	Food	Surveillance	Salmonella spp.	USA														
SRR3295721	SRR3295721_1.trim.fq.gz	Food	Surveillance	Salmonella spp.	USA														
SRR3295722	SRR3295722_1.trim.fq.gz	Food	Surveillance	Salmonella spp.	USA														
SRR3295723	SRR3295723_1.trim.fq.gz	Food	Surveillance	Salmonella spp.	USA														
SRR3295724	SRR3295724_1.trim.fq.gz	Food	Surveillance	Salmonella spp.	USA														
SRR3295725	SRR3295725_1.trim.fq.gz	Food	Surveillance	Salmonella spp.	USA														
SRR3295726	SRR3295726_1.trim.fq.gz	Food	Surveillance	Salmonella spp.	USA														
SRR3295727	SRR3295727_1.trim.fq.gz	Food	Surveillance	Salmonella spp.	USA														
SRR3295728	SRR3295728_1.trim.fq.gz	Food	Surveillance	Salmonella spp.	USA														
SRR3295729	SRR3295729_1.trim.fq.gz	Food	Surveillance	Salmonella spp.	USA														
SRR3295730	SRR3295730_1.trim.fq.gz	Food	Surveillance	Salmonella spp.	USA														
SRR3295731	SRR3295731_1.trim.fq.gz	Food	Surveillance	Salmonella spp.	USA														
SRR3295732	SRR3295732_1.trim.fq.gz	Food	Surveillance	Salmonella spp.	USA														
SRR3295733	SRR3295733_1.trim.fq.gz	Food	Surveillance	Salmonella spp.	USA														
SRR3295734	SRR3295734_1.trim.fq.gz	Food	Surveillance	Salmonella spp.	USA														
SRR3295735	SRR3295735_1.trim.fq.gz	Food	Surveillance	Salmonella spp.	USA														
SRR3295736	SRR3295736_1.trim.fq.gz	Food	Surveillance	Salmonella spp.	USA														
SRR3295737	SRR3295737_1.trim.fq.gz	Food	Surveillance	Salmonella spp.	USA														
SRR3295738	SRR3295738_1.trim.fq.gz	Food	Surveillance	Salmonella spp.	USA														
SRR3295739	SRR3295739_1.trim.fq.gz	Food	Surveillance	Salmonella spp.	USA														
SRR3295740	SRR3295740_1.trim.fq.gz	Food	Surveillance	Salmonella spp.	USA														
SRR3295741	SRR3295741_1.trim.fq.gz	Food	Surveillance	Salmonella spp.	USA														
SRR3295742	SRR3295742_1.trim.fq.gz	Food	Surveillance	Salmonella spp.	USA														
SRR3295743	SRR3295743_1.trim.fq.gz	Food	Surveillance	Salmonella spp.	USA														
SRR3295744	SRR3295744_1.trim.fq.gz	Food	Surveillance	Salmonella spp.	USA														
SRR3295745	SRR3295745_1.trim.fq.gz	Food	Surveillance	Salmonella spp.	USA														
SRR3295746	SRR3295746_1.trim.fq.gz	Food	Surveillance	Salmonella spp.	USA														
SRR3295747	SRR3295747_1.trim.fq.gz	Food	Surveillance	Salmonella spp.	USA														
SRR3295748	SRR3295748_1.trim.fq.gz	Food	Surveillance	Salmonella spp.	USA														
SRR3295749	SRR3295749_1.trim.fq.gz	Food	Surveillance	Salmonella spp.	USA														
SRR3295751	SRR3295751_1.trim.fq.gz	Food	Surveillance	Salmonella spp.	USA														
SRR3295752	SRR3295752_1.trim.fq.gz	Food	Surveillance	Salmonella spp.	USA														
SRR3295753	SRR3295753_1.trim.fq.gz	Food	Surveillance	Salmonella spp.	USA														
SRR3295754	SRR3295754_1.trim.fq.gz	Food	Surveillance	Salmonella spp.	USA														
SRR3295755	SRR3295755_1.trim.fq.gz	Food	Surveillance	Salmonella spp.	USA														
SRR3295756	SRR3295756_1.trim.fq.gz	Food	Surveillance	Salmonella spp.	USA														
SRR3295757	SRR3295757_1.trim.fq.gz	Food	Surveillance	Salmonella spp.	USA														
SRR3295758	SRR3295758_1.trim.fq.gz	Food	Surveillance	Salmonella spp.	USA														
SRR3295759	SRR3295759_1.trim.fq.gz	Food	Surveillance	Salmonella spp.	USA														
SRR3295760	SRR3295760_1.trim.fq.gz	Food	Surveillance	Salmonella spp.	USA														
SRR3295761	SRR3295761_1.trim.fq.gz	Food	Surveillance	Salmonella spp.	USA														
SRR3295762	SRR3295762_1.trim.fq.gz	Food	Surveillance	Salmonella spp.	USA														
SRR3295763	SRR3295763_1.trim.fq.gz	Food	Surveillance	Salmonella spp.	USA														
SRR3295764	SRR3295764_1.trim.fq.gz	Food	Surveillance	Salmonella spp.	USA														
SRR3295765	SRR3295765_1.trim.fq.gz	Food	Surveillance	Salmonella spp.	USA														
SRR3295766	SRR3295766_1.trim.fq.gz	Food	Surveillance	Salmonella spp.	USA														
SRR3295767	SRR3295767_1.trim.fq.gz	Food	Surveillance	Salmonella spp.	USA														
SRR3295768	SRR3295768_1.trim.fq.gz	Food	Surveillance	Salmonella spp.	USA														
SRR3295769	SRR3295769_1.trim.fq.gz	Food	Surveillance	Salmonella spp.	USA														
SRR3295770	SRR3295770_1.trim.fq.gz	Food	Surveillance	Salmonella spp.	USA														
SRR3295771	SRR3295771_1.trim.fq.gz	Food	Surveillance	Salmonella spp.	USA														
SRR3295772	SRR3295772_1.trim.fq.gz	Food	Surveillance	Salmonella spp.	USA														
SRR3295773	SRR3295773_1.trim.fq.gz	Food	Surveillance	Salmonella spp.	USA														
SRR3295774	SRR3295774_1.trim.fq.gz	Food	Surveillance	Salmonella spp.	USA														
SRR3295775	SRR3295775_1.trim.fq.gz	Food	Surveillance	Salmonella spp.	USA														
SRR3295776	SRR3295776_1.trim.fq.gz	Food	Surveillance	Salmonella spp.	USA														
SRR3295777	SRR3295777_1.trim.fq.gz	Food	Surveillance	Salmonella spp.	USA														
SRR3295778	SRR3295778_1.trim.fq.gz	Food	Surveillance	Salmonella spp.	USA														
SRR3295779	SRR3295779_1.trim.fq.gz	Food	Surveillance	Salmonella spp.	USA														
SRR3295780	SRR3295780_1.trim.fq.gz	Food	Surveillance	Salmonella spp.	USA														
SRR3295781	SRR3295781_1.trim.fq.gz	Food	Surveillance	Salmonella spp.	USA														
SRR3295782	SRR3295782_1.trim.fq.gz	Food	Surveillance	Salmonella spp.	USA														
SRR3295783	SRR3295783_1.trim.fq.gz	Food	Surveillance	Salmonella spp.	USA														
SRR3295784	SRR3295784_1.trim.fq.gz	Food	Surveillance	Salmonella spp.	USA														
SRR3295785	SRR3295785_1.trim.fq.gz	Food	Surveillance	Salmonella spp.	USA														
SRR3295786	SRR3295786_1.trim.fq.gz	Food	Surveillance	Salmonella spp.	USA														
SRR3295787	SRR3295787_1.trim.fq.gz	Food	Surveillance	Salmonella spp.	USA														
SRR3295788	SRR3295788_1.trim.fq.gz	Food	Surveillance	Salmonella spp.	USA														
SRR3295789	SRR3295789_1.trim.fq.gz	Food	Surveillance	Salmonella spp.	USA														
SRR3295790	SRR3295790_1.trim.fq.gz	Food	Surveillance	Salmonella spp.	USA														
SRR3295791	SRR3295791_1.trim.fq.gz	Food	Surveillance	Salmonella spp.	USA														
SRR3295792	SRR3295792_1.trim.fq.gz	Food	Surveillance	Salmonella spp.	USA														
SRR3295793	SRR3295793_1.trim.fq.gz	Food	Surveillance	Salmonella spp.	USA														
SRR3295794	SRR3295794_1.trim.fq.gz	Food	Surveillance	Salmonella spp.	USA														
SRR3295795	SRR3295795_1.trim.fq.gz	Food	Surveillance	Salmonella spp.	USA														
SRR3295796	SRR3295796_1.trim.fq.gz	Food	Surveillance	Salmonella spp.	USA														
SRR3295797	SRR3295797_1.trim.fq.gz	Food	Surveillance	Salmonella spp.	USA														
SRR3295798	SRR3295798_1.trim.fq.gz	Food	Surveillance	Salmonella spp.	USA														
SRR3295799	SRR3295799_1.trim.fq.gz	Food	Surveillance	Salmonella spp.	USA														
SRR3295800	SRR3295800_1.trim.fq.gz	Food	Surveillance	Salmonella spp.	USA														
SRR3295801	SRR3295801_1.trim.fq.gz	Food	Surveillance	Salmonella spp.	USA														
SRR3295804	SRR3295804_1.trim.fq.gz	Food	Surveillance	Salmonella spp.	USA														
SRR3295805	SRR3295805_1.trim.fq.gz	Food	Surveillance	Salmonella spp.	USA														
SRR3295806	SRR3295806_1.trim.fq.gz	Food	Surveillance	Salmonella spp.	USA														
SRR3295807	SRR3295807_1.trim.fq.gz	Food	Surveillance	Salmonella spp.	USA														
SRR3295808	SRR3295808_1.trim.fq.gz	Food	Surveillance	Salmonella spp.	USA														
SRR3295809	SRR3295809_1.trim.fq.gz	Food	Surveillance	Salmonella spp.	USA														
SRR3295810	SRR3295810_1.trim.fq.gz	Food	Surveillance	Salmonella spp.	USA														
SRR3295811	SRR3295811_1.trim.fq.gz	Food	Surveillance	Salmonella spp.	USA														
SRR3295812	SRR3295812_1.trim.fq.gz	Food	Surveillance	Salmonella spp.	USA														
SRR3295813	SRR3295813_1.trim.fq.gz	Food	Surveillance	Salmonella spp.	USA														
SRR3295815	SRR3295815_1.trim.fq.gz	Food	Surveillance	Salmonella spp.	USA														
SRR3295816	SRR3295816_1.trim.fq.gz	Food	Surveillance	Salmonella spp.	USA														
SRR3295817	SRR3295817_1.trim.fq.gz	Food	Surveillance	Salmonella spp.	USA														
SRR3295818	SRR3295818_1.trim.fq.gz	Food	Surveillance	Salmonella spp.	USA														
SRR3295819	SRR3295819_1.trim.fq.gz	Food	Surveillance	Salmonella spp.	USA														
SRR3295820	SRR3295820_1.trim.fq.gz	Food	Surveillance	Salmonella spp.	USA														
SRR3295821	SRR3295821_1.trim.fq.gz	Food	Surveillance	Salmonella spp.	USA														
SRR3295822	SRR3295822_1.trim.fq.gz	Food	Surveillance	Salmonella spp.	USA														
SRR3295823	SRR3295823_1.trim.fq.gz	Food	Surveillance	Salmonella spp.	USA														
SRR3295824	SRR3295824_1.trim.fq.gz	Food	Surveillance	Salmonella spp.	USA														
SRR3295825	SRR3295825_1.trim.fq.gz	Food	Surveillance	Salmonella spp.	USA														
SRR3295826	SRR3295826_1.trim.fq.gz	Food	Surveillance	Salmonella spp.	USA														
SRR3295827	SRR3295827_1.trim.fq.gz	Food	Surveillance	Salmonella spp.	USA														
SRR3295828	SRR3295828_1.trim.fq.gz	Food	Surveillance	Salmonella spp.	USA														
SRR3295829	SRR3295829_1.trim.fq.gz	Food	Surveillance	Salmonella spp.	USA														
SRR3295830	SRR3295830_1.trim.fq.gz	Food	Surveillance	Salmonella spp.	USA														
SRR3295832	SRR3295832_1.trim.fq.gz	Food	Surveillance	Salmonella spp.	USA														
SRR3295833	SRR3295833_1.trim.fq.gz	Food	Surveillance	Salmonella spp.	USA														
SRR3295835	SRR3295835_1.trim.fq.gz	Food	Surveillance	Salmonella spp.	USA														
SRR3295837	SRR3295837_1.trim.fq.gz	Food	Surveillance	Salmonella spp.	USA														
SRR3295838	SRR3295838_1.trim.fq.gz	Food	Surveillance	Salmonella spp.	USA														
SRR3295839	SRR3295839_1.trim.fq.gz	Food	Surveillance	Salmonella spp.	USA														
SRR3295840	SRR3295840_1.trim.fq.gz	Food	Surveillance	Salmonella spp.	USA														
SRR3295841	SRR3295841_1.trim.fq.gz	Food	Surveillance	Salmonella spp.	USA														
SRR3295842	SRR3295842_1.trim.fq.gz	Food	Surveillance	Salmonella spp.	USA														
SRR3295843	SRR3295843_1.trim.fq.gz	Food	Surveillance	Salmonella spp.	USA														
SRR3295844	SRR3295844_1.trim.fq.gz	Food	Surveillance	Salmonella spp.	USA														
SRR3295845	SRR3295845_1.trim.fq.gz	Food	Surveillance	Salmonella spp.	USA														
SRR3295846	SRR3295846_1.trim.fq.gz	Food	Surveillance	Salmonella spp.	USA														
SRR3295848	SRR3295848_1.trim.fq.gz	Food	Surveillance	Salmonella spp.	USA														
SRR3295849	SRR3295849_1.trim.fq.gz	Food	Surveillance	Salmonella spp.	USA														
SRR3295850	SRR3295850_1.trim.fq.gz	Food	Surveillance	Salmonella spp.	USA														
SRR3295851	SRR3295851_1.trim.fq.gz	Food	Surveillance	Salmonella spp.	USA														
SRR3295852	SRR3295852_1.trim.fq.gz	Food	Surveillance	Salmonella spp.	USA														
SRR3295853	SRR3295853_1.trim.fq.gz	Food	Surveillance	Salmonella spp.	USA														
SRR3295855	SRR3295855_1.trim.fq.gz	Food	Surveillance	Salmonella spp.	USA														
SRR3295856	SRR3295856_1.trim.fq.gz	Food	Surveillance	Salmonella spp.	USA														
SRR3295857	SRR3295857_1.trim.fq.gz	Food	Surveillance	Salmonella spp.	USA														
SRR3295858	SRR3295858_1.trim.fq.gz	Food	Surveillance	Salmonella spp.	USA														
SRR3295859	SRR3295859_1.trim.fq.gz	Food	Surveillance	Salmonella spp.	USA														
SRR3295860	SRR3295860_1.trim.fq.gz	Food	Surveillance	Salmonella spp.	USA														
SRR3295861	SRR3295861_1.trim.fq.gz	Food	Surveillance	Salmonella spp.	USA														
SRR3295862	SRR3295862_1.trim.fq.gz	Food	Surveillance	Salmonella spp.	USA														
SRR3295863	SRR3295863_1.trim.fq.gz	Food	Surveillance	Salmonella spp.	USA														
SRR3295864	SRR3295864_1.trim.fq.gz	Food	Surveillance	Salmonella spp.	USA														
SRR3295865	SRR3295865_1.trim.fq.gz	Food	Surveillance	Salmonella spp.	USA														
SRR3295866	SRR3295866_1.trim.fq.gz	Food	Surveillance	Salmonella spp.	USA														
SRR3295867	SRR3295867_1.trim.fq.gz	Food	Surveillance	Salmonella spp.	USA														
SRR3295868	SRR3295868_1.trim.fq.gz	Food	Surveillance	Salmonella spp.	USA														
SRR3295869	SRR3295869_1.trim.fq.gz	Food	Surveillance	Salmonella spp.	USA														
SRR3295871	SRR3295871_1.trim.fq.gz	Food	Surveillance	Salmonella spp.	USA														
SRR3295872	SRR3295872_1.trim.fq.gz	Food	Surveillance	Salmonella spp.	USA														
SRR3295873	SRR3295873_1.trim.fq.gz	Food	Surveillance	Salmonella spp.	USA														
SRR3295874	SRR3295874_1.trim.fq.gz	Food	Surveillance	Salmonella spp.	USA														
SRR3295875	SRR3295875_1.trim.fq.gz	Food	Surveillance	Salmonella spp.	USA														
SRR3295876	SRR3295876_1.trim.fq.gz	Food	Surveillance	Salmonella spp.	USA														
SRR3295877	SRR3295877_1.trim.fq.gz	Food	Surveillance	Salmonella spp.	USA														
SRR3295879	SRR3295879_1.trim.fq.gz	Food	Surveillance	Salmonella spp.	USA														
SRR3295880	SRR3295880_1.trim.fq.gz	Food	Surveillance	Salmonella spp.	USA														
SRR3295881	SRR3295881_1.trim.fq.gz	Food	Surveillance	Salmonella spp.	USA														
SRR3295882	SRR3295882_1.trim.fq.gz	Food	Surveillance	Salmonella spp.	USA														
SRR3295883	SRR3295883_1.trim.fq.gz	Food	Surveillance	Salmonella spp.	USA														
SRR3295884	SRR3295884_1.trim.fq.gz	Food	Surveillance	Salmonella spp.	USA														
SRR3295885	SRR3295885_1.trim.fq.gz	Food	Surveillance	Salmonella spp.	USA														
SRR3295886	SRR3295886_1.trim.fq.gz	Food	Surveillance	Salmonella spp.	USA														
SRR3295887	SRR3295887_1.trim.fq.gz	Food	Surveillance	Salmonella spp.	USA														
SRR3295888	SRR3295888_1.trim.fq.gz	Food	Surveillance	Salmonella spp.	USA														
SRR3295889	SRR3295889_1.trim.fq.gz	Food	Surveillance	Salmonella spp.	USA														
SRR3295890	SRR3295890_1.trim.fq.gz	Food	Surveillance	Salmonella spp.	USA														
SRR3295891	SRR3295891_1.trim.fq.gz	Food	Surveillance	Salmonella spp.	USA														
SRR3295893	SRR3295893_1.trim.fq.gz	Food	Surveillance	Salmonella spp.	USA														
SRR3295894	SRR3295894_1.trim.fq.gz	Food	Surveillance	Salmonella spp.	USA														
SRR3295895	SRR3295895_1.trim.fq.gz	Food	Surveillance	Salmonella spp.	USA														
SRR3295896	SRR3295896_1.trim.fq.gz	Food	Surveillance	Salmonella spp.	USA														
SRR3295897	SRR3295897_1.trim.fq.gz	Food	Surveillance	Salmonella spp.	USA														
SRR3295898	SRR3295898_1.trim.fq.gz	Food	Surveillance	Salmonella spp.	USA														
SRR3295899	SRR3295899_1.trim.fq.gz	Food	Surveillance	Salmonella spp.	USA														
SRR3295900	SRR3295900_1.trim.fq.gz	Food	Surveillance	Salmonella spp.	USA														
SRR3295901	SRR3295901_1.trim.fq.gz	Food	Surveillance	Salmonella spp.	USA														
SRR3295902	SRR3295902_1.trim.fq.gz	Food	Surveillance	Salmonella spp.	USA														
SRR3295903	SRR3295903_1.trim.fq.gz	Food	Surveillance	Salmonella spp.	USA														
SRR3295904	SRR3295904_1.trim.fq.gz	Food	Surveillance	Salmonella spp.	USA														
SRR3295905	SRR3295905_1.trim.fq.gz	Food	Surveillance	Salmonella spp.	USA														
SRR3295906	SRR3295906_1.trim.fq.gz	Food	Surveillance	Salmonella spp.	USA														
SRR3295907	SRR3295907_1.trim.fq.gz	Food	Surveillance	Salmonella spp.	USA														
SRR3295908	SRR3295908_1.trim.fq.gz	Food	Surveillance	Salmonella spp.	USA														
SRR3295909	SRR3295909_1.trim.fq.gz	Food	Surveillance	Salmonella spp.	USA														
SRR3295911	SRR3295911_1.trim.fq.gz	Food	Surveillance	Salmonella spp.	USA														
SRR3295913	SRR3295913_1.trim.fq.gz	Food	Surveillance	Salmonella spp.	USA														
SRR3295914	SRR3295914_1.trim.fq.gz	Food	Surveillance	Salmonella spp.	USA														
SRR3295915	SRR3295915_1.trim.fq.gz	Food	Surveillance	Salmonella spp.	USA														
SRR3295916	SRR3295916_1.trim.fq.gz	Food	Surveillance	Salmonella spp.	USA														
SRR3295917	SRR3295917_1.trim.fq.gz	Food	Surveillance	Salmonella spp.	USA														
SRR3295918	SRR3295918_1.trim.fq.gz	Food	Surveillance	Salmonella spp.	USA														
SRR3295919	SRR3295919_1.trim.fq.gz	Food	Surveillance	Salmonella spp.	USA														
SRR3295920	SRR3295920_1.trim.fq.gz	Food	Surveillance	Salmonella spp.	USA														
SRR3295921	SRR3295921_1.trim.fq.gz	Food	Surveillance	Salmonella spp.	USA														
SRR3295922	SRR3295922_1.trim.fq.gz	Food	Surveillance	Salmonella spp.	USA														
SRR3295923	SRR3295923_1.trim.fq.gz	Food	Surveillance	Salmonella spp.	USA														
SRR3295924	SRR3295924_1.trim.fq.gz	Food	Surveillance	Salmonella spp.	USA														
SRR3295925	SRR3295925_1.trim.fq.gz	Food	Surveillance	Salmonella spp.	USA														
SRR3295927	SRR3295927_1.trim.fq.gz	Food	Surveillance	Salmonella spp.	USA														
SRR3295928	SRR3295928_1.trim.fq.gz	Food	Surveillance	Salmonella spp.	USA														
SRR3295929	SRR3295929_1.trim.fq.gz	Food	Surveillance	Salmonella spp.	USA														
SRR3295930	SRR3295930_1.trim.fq.gz	Food	Surveillance	Salmonella spp.	USA														
SRR3295931	SRR3295931_1.trim.fq.gz	Food	Surveillance	Salmonella spp.	USA														
SRR3295932	SRR3295932_1.trim.fq.gz	Food	Surveillance	Salmonella spp.	USA														
SRR3295935	SRR3295935_1.trim.fq.gz	Food	Surveillance	Salmonella spp.	USA														
SRR3295936	SRR3295936_1.trim.fq.gz	Food	Surveillance	Salmonella spp.	USA														
SRR3295937	SRR3295937_1.trim.fq.gz	Food	Surveillance	Salmonella spp.	USA														
SRR3295938	SRR3295938_1.trim.fq.gz	Food	Surveillance	Salmonella spp.	USA														
SRR3295939	SRR3295939_1.trim.fq.gz	Food	Surveillance	Salmonella spp.	USA														
SRR3295940	SRR3295940_1.trim.fq.gz	Food	Surveillance	Salmonella spp.	USA														
SRR3295941	SRR3295941_1.trim.fq.gz	Food	Surveillance	Salmonella spp.	USA														
SRR3295942	SRR3295942_1.trim.fq.gz	Food	Surveillance	Salmonella spp.	USA														
SRR3295943	SRR3295943_1.trim.fq.gz	Food	Surveillance	Salmonella spp.	USA														
SRR3295944	SRR3295944_1.trim.fq.gz	Food	Surveillance	Salmonella spp.	USA														
SRR3295947	SRR3295947_1.trim.fq.gz	Food	Surveillance	Salmonella spp.	USA														
SRR3295948	SRR3295948_1.trim.fq.gz	Food	Surveillance	Salmonella spp.	USA														
SRR3295949	SRR3295949_1.trim.fq.gz	Food	Surveillance	Salmonella spp.	USA														
SRR3295950	SRR3295950_1.trim.fq.gz	Food	Surveillance	Salmonella spp.	USA														
SRR3295951	SRR3295951_1.trim.fq.gz	Food	Surveillance	Salmonella spp.	USA														
SRR3295952	SRR3295952_1.trim.fq.gz	Food	Surveillance	Salmonella spp.	USA														
SRR3295954	SRR3295954_1.trim.fq.gz	Food	Surveillance	Salmonella spp.	USA														
SRR3295955	SRR3295955_1.trim.fq.gz	Food	Surveillance	Salmonella spp.	USA														
SRR3295956	SRR3295956_1.trim.fq.gz	Food	Surveillance	Salmonella spp.	USA														
SRR3295957	SRR3295957_1.trim.fq.gz	Food	Surveillance	Salmonella spp.	USA														
SRR3295958	SRR3295958_1.trim.fq.gz	Food	Surveillance	Salmonella spp.	USA														
SRR3295959	SRR3295959_1.trim.fq.gz	Food	Surveillance	Salmonella spp.	USA														
SRR3295960	SRR3295960_1.trim.fq.gz	Food	Surveillance	Salmonella spp.	USA														
SRR3295961	SRR3295961_1.trim.fq.gz	Food	Surveillance	Salmonella spp.	USA														
SRR3295962	SRR3295962_1.trim.fq.gz	Food	Surveillance	Salmonella spp.	USA														
SRR3295963	SRR3295963_1.trim.fq.gz	Food	Surveillance	Salmonella spp.	USA														
SRR3295964	SRR3295964_1.trim.fq.gz	Food	Surveillance	Salmonella spp.	USA														
SRR3295965	SRR3295965_1.trim.fq.gz	Food	Surveillance	Salmonella spp.	USA														
SRR3295966	SRR3295966_1.trim.fq.gz	Food	Surveillance	Salmonella spp.	USA														
SRR3295967	SRR3295967_1.trim.fq.gz	Food	Surveillance	Salmonella spp.	USA														
SRR3330375	SRR3330375_1.trim.fq.gz	Food	Surveillance	Salmonella spp.	USA														
SRR3344468	SRR3344468_1.trim.fq.gz	Food	Surveillance	Salmonella spp.	USA														
SRR3665074	SRR3665074_1.trim.fq.gz	Food	Surveillance	Salmonella spp.	USA														
SRR3932880	SRR3932880_1.trim.fq.gz	Food	Surveillance	Salmonella spp.	USA														
SRR3932881	SRR3932881_1.trim.fq.gz	Food	Surveillance	Salmonella spp.	USA														
SRR3932882	SRR3932882_1.trim.fq.gz	Food	Surveillance	Salmonella spp.	USA														
SRR3932883	SRR3932883_1.trim.fq.gz	Food	Surveillance	Salmonella spp.	USA														
SRR3932884	SRR3932884_1.trim.fq.gz	Food	Surveillance	Salmonella spp.	USA														
SRR3932885	SRR3932885_1.trim.fq.gz	Food	Surveillance	Salmonella spp.	USA														
SRR3932887	SRR3932887_1.trim.fq.gz	Food	Surveillance	Salmonella spp.	USA														
SRR3932888	SRR3932888_1.trim.fq.gz	Food	Surveillance	Salmonella spp.	USA														
SRR3932889	SRR3932889_1.trim.fq.gz	Food	Surveillance	Salmonella spp.	USA														
SRR3932890	SRR3932890_1.trim.fq.gz	Food	Surveillance	Salmonella spp.	USA														
SRR3932891	SRR3932891_1.trim.fq.gz	Food	Surveillance	Salmonella spp.	USA														
SRR3932892	SRR3932892_1.trim.fq.gz	Food	Surveillance	Salmonella spp.	USA														
SRR3932893	SRR3932893_1.trim.fq.gz	Food	Surveillance	Salmonella spp.	USA														
SRR3932895	SRR3932895_1.trim.fq.gz	Food	Surveillance	Salmonella spp.	USA														
SRR3932896	SRR3932896_1.trim.fq.gz	Food	Surveillance	Salmonella spp.	USA														
SRR3932897	SRR3932897_1.trim.fq.gz	Food	Surveillance	Salmonella spp.	USA														
SRR3932898	SRR3932898_1.trim.fq.gz	Food	Surveillance	Salmonella spp.	USA														
SRR3932899	SRR3932899_1.trim.fq.gz	Food	Surveillance	Salmonella spp.	USA														
SRR3932900	SRR3932900_1.trim.fq.gz	Food	Surveillance	Salmonella spp.	USA														
SRR3932902	SRR3932902_1.trim.fq.gz	Food	Surveillance	Salmonella spp.	USA														
SRR3932903	SRR3932903_1.trim.fq.gz	Food	Surveillance	Salmonella spp.	USA														
SRR3932905	SRR3932905_1.trim.fq.gz	Food	Surveillance	Salmonella spp.	USA														
SRR3932906	SRR3932906_1.trim.fq.gz	Food	Surveillance	Salmonella spp.	USA														
SRR3932907	SRR3932907_1.trim.fq.gz	Food	Surveillance	Salmonella spp.	USA														
SRR3932908	SRR3932908_1.trim.fq.gz	Food	Surveillance	Salmonella spp.	USA														
SRR3932909	SRR3932909_1.trim.fq.gz	Food	Surveillance	Salmonella spp.	USA														
SRR3932910	SRR3932910_1.trim.fq.gz	Food	Surveillance	Salmonella spp.	USA														
SRR3932911	SRR3932911_1.trim.fq.gz	Food	Surveillance	Salmonella spp.	USA														
SRR3932912	SRR3932912_1.trim.fq.gz	Food	Surveillance	Salmonella spp.	USA														
SRR3932913	SRR3932913_1.trim.fq.gz	Food	Surveillance	Salmonella spp.	USA														
SRR3932914	SRR3932914_1.trim.fq.gz	Food	Surveillance	Salmonella spp.	USA														
SRR3932915	SRR3932915_1.trim.fq.gz	Food	Surveillance	Salmonella spp.	USA														
SRR3932916	SRR3932916_1.trim.fq.gz	Food	Surveillance	Salmonella spp.	USA														
SRR3932917	SRR3932917_1.trim.fq.gz	Food	Surveillance	Salmonella spp.	USA														
SRR3932918	SRR3932918_1.trim.fq.gz	Food	Surveillance	Salmonella spp.	USA														
SRR3932919	SRR3932919_1.trim.fq.gz	Food	Surveillance	Salmonella spp.	USA														
SRR3932920	SRR3932920_1.trim.fq.gz	Food	Surveillance	Salmonella spp.	USA														
SRR3932921	SRR3932921_1.trim.fq.gz	Food	Surveillance	Salmonella spp.	USA														
SRR3932922	SRR3932922_1.trim.fq.gz	Food	Surveillance	Salmonella spp.	USA														
SRR3932923	SRR3932923_1.trim.fq.gz	Food	Surveillance	Salmonella spp.	USA														
SRR3932924	SRR3932924_1.trim.fq.gz	Food	Surveillance	Salmonella spp.	USA														
SRR3932925	SRR3932925_1.trim.fq.gz	Food	Surveillance	Salmonella spp.	USA														
SRR3932926	SRR3932926_1.trim.fq.gz	Food	Surveillance	Salmonella spp.	USA														
SRR3932927	SRR3932927_1.trim.fq.gz	Food	Surveillance	Salmonella spp.	USA														
SRR3932929	SRR3932929_1.trim.fq.gz	Food	Surveillance	Salmonella spp.	USA														
SRR3932931	SRR3932931_1.trim.fq.gz	Food	Surveillance	Salmonella spp.	USA														
SRR3932932	SRR3932932_1.trim.fq.gz	Food	Surveillance	Salmonella spp.	USA														
SRR3932933	SRR3932933_1.trim.fq.gz	Food	Surveillance	Salmonella spp.	USA														
SRR3932934	SRR3932934_1.trim.fq.gz	Food	Surveillance	Salmonella spp.	USA														
SRR3932935	SRR3932935_1.trim.fq.gz	Food	Surveillance	Salmonella spp.	USA														
SRR3932936	SRR3932936_1.trim.fq.gz	Food	Surveillance	Salmonella spp.	USA														
SRR3932938	SRR3932938_1.trim.fq.gz	Food	Surveillance	Salmonella spp.	USA														
SRR3932940	SRR3932940_1.trim.fq.gz	Food	Surveillance	Salmonella spp.	USA														
SRR3932941	SRR3932941_1.trim.fq.gz	Food	Surveillance	Salmonella spp.	USA														
SRR3932942	SRR3932942_1.trim.fq.gz	Food	Surveillance	Salmonella spp.	USA														
SRR3932943	SRR3932943_1.trim.fq.gz	Food	Surveillance	Salmonella spp.	USA														
SRR3932944	SRR3932944_1.trim.fq.gz	Food	Surveillance	Salmonella spp.	USA														
SRR3932945	SRR3932945_1.trim.fq.gz	Food	Surveillance	Salmonella spp.	USA														
SRR3932946	SRR3932946_1.trim.fq.gz	Food	Surveillance	Salmonella spp.	USA														
SRR3932948	SRR3932948_1.trim.fq.gz	Food	Surveillance	Salmonella spp.	USA														
SRR3932949	SRR3932949_1.trim.fq.gz	Food	Surveillance	Salmonella spp.	USA														
SRR3932950	SRR3932950_1.trim.fq.gz	Food	Surveillance	Salmonella spp.	USA														
SRR3932951	SRR3932951_1.trim.fq.gz	Food	Surveillance	Salmonella spp.	USA														
SRR3932952	SRR3932952_1.trim.fq.gz	Food	Surveillance	Salmonella spp.	USA														
SRR3932953	SRR3932953_1.trim.fq.gz	Food	Surveillance	Salmonella spp.	USA														
SRR3932954	SRR3932954_1.trim.fq.gz	Food	Surveillance	Salmonella spp.	USA														
SRR3932955	SRR3932955_1.trim.fq.gz	Food	Surveillance	Salmonella spp.	USA														
SRR3932956	SRR3932956_1.trim.fq.gz	Food	Surveillance	Salmonella spp.	USA														
SRR3932957	SRR3932957_1.trim.fq.gz	Food	Surveillance	Salmonella spp.	USA														
SRR3932958	SRR3932958_1.trim.fq.gz	Food	Surveillance	Salmonella spp.	USA														
SRR3932959	SRR3932959_1.trim.fq.gz	Food	Surveillance	Salmonella spp.	USA														
SRR3932960	SRR3932960_1.trim.fq.gz	Food	Surveillance	Salmonella spp.	USA														
SRR3932961	SRR3932961_1.trim.fq.gz	Food	Surveillance	Salmonella spp.	USA														
SRR3932962	SRR3932962_1.trim.fq.gz	Food	Surveillance	Salmonella spp.	USA														
SRR3932963	SRR3932963_1.trim.fq.gz	Food	Surveillance	Salmonella spp.	USA														
SRR3932964	SRR3932964_1.trim.fq.gz	Food	Surveillance	Salmonella spp.	USA														
SRR3932966	SRR3932966_1.trim.fq.gz	Food	Surveillance	Salmonella spp.	USA														
SRR3932967	SRR3932967_1.trim.fq.gz	Food	Surveillance	Salmonella spp.	USA														
SRR3932968	SRR3932968_1.trim.fq.gz	Food	Surveillance	Salmonella spp.	USA														
SRR3932969	SRR3932969_1.trim.fq.gz	Food	Surveillance	Salmonella spp.	USA														
SRR3932970	SRR3932970_1.trim.fq.gz	Food	Surveillance	Salmonella spp.	USA														
SRR3932971	SRR3932971_1.trim.fq.gz	Food	Surveillance	Salmonella spp.	USA														
SRR3932972	SRR3932972_1.trim.fq.gz	Food	Surveillance	Salmonella spp.	USA														
SRR3932973	SRR3932973_1.trim.fq.gz	Food	Surveillance	Salmonella spp.	USA														
SRR3932974	SRR3932974_1.trim.fq.gz	Food	Surveillance	Salmonella spp.	USA														
SRR3932975	SRR3932975_1.trim.fq.gz	Food	Surveillance	Salmonella spp.	USA														
SRR3932976	SRR3932976_1.trim.fq.gz	Food	Surveillance	Salmonella spp.	USA														
SRR3932977	SRR3932977_1.trim.fq.gz	Food	Surveillance	Salmonella spp.	USA														
SRR3932978	SRR3932978_1.trim.fq.gz	Food	Surveillance	Salmonella spp.	USA														
SRR3932979	SRR3932979_1.trim.fq.gz	Food	Surveillance	Salmonella spp.	USA														
SRR3932980	SRR3932980_1.trim.fq.gz	Food	Surveillance	Salmonella spp.	USA														
SRR3932981	SRR3932981_1.trim.fq.gz	Food	Surveillance	Salmonella spp.	USA														
SRR3932983	SRR3932983_1.trim.fq.gz	Food	Surveillance	Salmonella spp.	USA														
SRR3932985	SRR3932985_1.trim.fq.gz	Food	Surveillance	Salmonella spp.	USA														
SRR3932986	SRR3932986_1.trim.fq.gz	Food	Surveillance	Salmonella spp.	USA														
SRR3932987	SRR3932987_1.trim.fq.gz	Food	Surveillance	Salmonella spp.	USA														
SRR3932989	SRR3932989_1.trim.fq.gz	Food	Surveillance	Salmonella spp.	USA														
SRR3932991	SRR3932991_1.trim.fq.gz	Food	Surveillance	Salmonella spp.	USA														
SRR3932992	SRR3932992_1.trim.fq.gz	Food	Surveillance	Salmonella spp.	USA														
SRR3932993	SRR3932993_1.trim.fq.gz	Food	Surveillance	Salmonella spp.	USA														
SRR3932994	SRR3932994_1.trim.fq.gz	Food	Surveillance	Salmonella spp.	USA														
SRR3932996	SRR3932996_1.trim.fq.gz	Food	Surveillance	Salmonella spp.	USA														
SRR3932997	SRR3932997_1.trim.fq.gz	Food	Surveillance	Salmonella spp.	USA														
SRR3932998	SRR3932998_1.trim.fq.gz	Food	Surveillance	Salmonella spp.	USA														
SRR3932999	SRR3932999_1.trim.fq.gz	Food	Surveillance	Salmonella spp.	USA														
SRR3933000	SRR3933000_1.trim.fq.gz	Food	Surveillance	Salmonella spp.	USA														
SRR3933001	SRR3933001_1.trim.fq.gz	Food	Surveillance	Salmonella spp.	USA														
SRR3933002	SRR3933002_1.trim.fq.gz	Food	Surveillance	Salmonella spp.	USA														
SRR3933003	SRR3933003_1.trim.fq.gz	Food	Surveillance	Salmonella spp.	USA														
SRR3933004	SRR3933004_1.trim.fq.gz	Food	Surveillance	Salmonella spp.	USA														
SRR3933006	SRR3933006_1.trim.fq.gz	Food	Surveillance	Salmonella spp.	USA														
SRR3933007	SRR3933007_1.trim.fq.gz	Food	Surveillance	Salmonella spp.	USA														
SRR3933008	SRR3933008_1.trim.fq.gz	Food	Surveillance	Salmonella spp.	USA														
SRR3933009	SRR3933009_1.trim.fq.gz	Food	Surveillance	Salmonella spp.	USA														
SRR3933010	SRR3933010_1.trim.fq.gz	Food	Surveillance	Salmonella spp.	USA														
SRR3933011	SRR3933011_1.trim.fq.gz	Food	Surveillance	Salmonella spp.	USA														
SRR3933012	SRR3933012_1.trim.fq.gz	Food	Surveillance	Salmonella spp.	USA														
SRR3933013	SRR3933013_1.trim.fq.gz	Food	Surveillance	Salmonella spp.	USA														
SRR3933014	SRR3933014_1.trim.fq.gz	Food	Surveillance	Salmonella spp.	USA														
SRR3933015	SRR3933015_1.trim.fq.gz	Food	Surveillance	Salmonella spp.	USA														
SRR3933016	SRR3933016_1.trim.fq.gz	Food	Surveillance	Salmonella spp.	USA														
SRR3933017	SRR3933017_1.trim.fq.gz	Food	Surveillance	Salmonella spp.	USA														
SRR3933018	SRR3933018_1.trim.fq.gz	Food	Surveillance	Salmonella spp.	USA														
SRR3933019	SRR3933019_1.trim.fq.gz	Food	Surveillance	Salmonella spp.	USA														
SRR3933020	SRR3933020_1.trim.fq.gz	Food	Surveillance	Salmonella spp.	USA														
SRR3933021	SRR3933021_1.trim.fq.gz	Food	Surveillance	Salmonella spp.	USA														
SRR3933022	SRR3933022_1.trim.fq.gz	Food	Surveillance	Salmonella spp.	USA														
SRR3933023	SRR3933023_1.trim.fq.gz	Food	Surveillance	Salmonella spp.	USA														
SRR3933024	SRR3933024_1.trim.fq.gz	Food	Surveillance	Salmonella spp.	USA														
SRR3933025	SRR3933025_1.trim.fq.gz	Food	Surveillance	Salmonella spp.	USA														
SRR3933026	SRR3933026_1.trim.fq.gz	Food	Surveillance	Salmonella spp.	USA														
SRR3933027	SRR3933027_1.trim.fq.gz	Food	Surveillance	Salmonella spp.	USA														
SRR3933029	SRR3933029_1.trim.fq.gz	Food	Surveillance	Salmonella spp.	USA														
SRR3933031	SRR3933031_1.trim.fq.gz	Food	Surveillance	Salmonella spp.	USA														
SRR3933032	SRR3933032_1.trim.fq.gz	Food	Surveillance	Salmonella spp.	USA														
SRR3933033	SRR3933033_1.trim.fq.gz	Food	Surveillance	Salmonella spp.	USA														
SRR3933034	SRR3933034_1.trim.fq.gz	Food	Surveillance	Salmonella spp.	USA														
SRR3933035	SRR3933035_1.trim.fq.gz	Food	Surveillance	Salmonella spp.	USA														
SRR3933037	SRR3933037_1.trim.fq.gz	Food	Surveillance	Salmonella spp.	USA														
SRR3933038	SRR3933038_1.trim.fq.gz	Food	Surveillance	Salmonella spp.	USA														
SRR3933040	SRR3933040_1.trim.fq.gz	Food	Surveillance	Salmonella spp.	USA														
SRR3933041	SRR3933041_1.trim.fq.gz	Food	Surveillance	Salmonella spp.	USA														
SRR3933043	SRR3933043_1.trim.fq.gz	Food	Surveillance	Salmonella spp.	USA														
SRR3933044	SRR3933044_1.trim.fq.gz	Food	Surveillance	Salmonella spp.	USA														
SRR3933045	SRR3933045_1.trim.fq.gz	Food	Surveillance	Salmonella spp.	USA														
SRR3933046	SRR3933046_1.trim.fq.gz	Food	Surveillance	Salmonella spp.	USA														
SRR3933047	SRR3933047_1.trim.fq.gz	Food	Surveillance	Salmonella spp.	USA														
SRR3933049	SRR3933049_1.trim.fq.gz	Food	Surveillance	Salmonella spp.	USA														
SRR3933050	SRR3933050_1.trim.fq.gz	Food	Surveillance	Salmonella spp.	USA														
SRR3933051	SRR3933051_1.trim.fq.gz	Food	Surveillance	Salmonella spp.	USA														
SRR3933053	SRR3933053_1.trim.fq.gz	Food	Surveillance	Salmonella spp.	USA														
SRR3933056	SRR3933056_1.trim.fq.gz	Food	Surveillance	Salmonella spp.	USA														
SRR3933057	SRR3933057_1.trim.fq.gz	Food	Surveillance	Salmonella spp.	USA														
SRR3933058	SRR3933058_1.trim.fq.gz	Food	Surveillance	Salmonella spp.	USA														
SRR3933059	SRR3933059_1.trim.fq.gz	Food	Surveillance	Salmonella spp.	USA														
SRR3933060	SRR3933060_1.trim.fq.gz	Food	Surveillance	Salmonella spp.	USA														
SRR3933061	SRR3933061_1.trim.fq.gz	Food	Surveillance	Salmonella spp.	USA														
SRR3933062	SRR3933062_1.trim.fq.gz	Food	Surveillance	Salmonella spp.	USA														
SRR3933063	SRR3933063_1.trim.fq.gz	Food	Surveillance	Salmonella spp.	USA														
SRR3933064	SRR3933064_1.trim.fq.gz	Food	Surveillance	Salmonella spp.	USA														
SRR3933065	SRR3933065_1.trim.fq.gz	Food	Surveillance	Salmonella spp.	USA														
SRR3933066	SRR3933066_1.trim.fq.gz	Food	Surveillance	Salmonella spp.	USA														
SRR3933067	SRR3933067_1.trim.fq.gz	Food	Surveillance	Salmonella spp.	USA														
SRR3933070	SRR3933070_1.trim.fq.gz	Food	Surveillance	Salmonella spp.	USA														
SRR3933073	SRR3933073_1.trim.fq.gz	Food	Surveillance	Salmonella spp.	USA														
SRR3933074	SRR3933074_1.trim.fq.gz	Food	Surveillance	Salmonella spp.	USA														
SRR3933075	SRR3933075_1.trim.fq.gz	Food	Surveillance	Salmonella spp.	USA														
SRR3933076	SRR3933076_1.trim.fq.gz	Food	Surveillance	Salmonella spp.	USA														
SRR3933077	SRR3933077_1.trim.fq.gz	Food	Surveillance	Salmonella spp.	USA														
SRR3933078	SRR3933078_1.trim.fq.gz	Food	Surveillance	Salmonella spp.	USA														
SRR3933079	SRR3933079_1.trim.fq.gz	Food	Surveillance	Salmonella spp.	USA														
SRR3933080	SRR3933080_1.trim.fq.gz	Food	Surveillance	Salmonella spp.	USA														
SRR3933081	SRR3933081_1.trim.fq.gz	Food	Surveillance	Salmonella spp.	USA														
SRR3933082	SRR3933082_1.trim.fq.gz	Food	Surveillance	Salmonella spp.	USA														
SRR3933083	SRR3933083_1.trim.fq.gz	Food	Surveillance	Salmonella spp.	USA														
SRR3933084	SRR3933084_1.trim.fq.gz	Food	Surveillance	Salmonella spp.	USA														
SRR3933085	SRR3933085_1.trim.fq.gz	Food	Surveillance	Salmonella spp.	USA														
SRR3933086	SRR3933086_1.trim.fq.gz	Food	Surveillance	Salmonella spp.	USA														
SRR4280560	SRR4280560_1.trim.fq.gz	Food	Surveillance	Salmonella spp.	USA														
SRR4280561	SRR4280561_1.trim.fq.gz	Food	Surveillance	Salmonella spp.	USA														
SRR4280562	SRR4280562_1.trim.fq.gz	Food	Surveillance	Salmonella spp.	USA														
SRR4280563	SRR4280563_1.trim.fq.gz	Food	Surveillance	Salmonella spp.	USA														
SRR4280564	SRR4280564_1.trim.fq.gz	Food	Surveillance	Salmonella spp.	USA														
SRR4280565	SRR4280565_1.trim.fq.gz	Food	Surveillance	Salmonella spp.	USA														
SRR4280566	SRR4280566_1.trim.fq.gz	Food	Surveillance	Salmonella spp.	USA														
SRR4280567	SRR4280567_1.trim.fq.gz	Food	Surveillance	Salmonella spp.	USA														
SRR4280568	SRR4280568_1.trim.fq.gz	Food	Surveillance	Salmonella spp.	USA														
SRR4280569	SRR4280569_1.trim.fq.gz	Food	Surveillance	Salmonella spp.	USA														
SRR4280572	SRR4280572_1.trim.fq.gz	Food	Surveillance	Salmonella spp.	USA														
SRR4280573	SRR4280573_1.trim.fq.gz	Food	Surveillance	Salmonella spp.	USA														
SRR4280574	SRR4280574_1.trim.fq.gz	Food	Surveillance	Salmonella spp.	USA														
SRR4280575	SRR4280575_1.trim.fq.gz	Food	Surveillance	Salmonella spp.	USA														
SRR4280576	SRR4280576_1.trim.fq.gz	Food	Surveillance	Salmonella spp.	USA														
SRR4280577	SRR4280577_1.trim.fq.gz	Food	Surveillance	Salmonella spp.	USA														
SRR4280578	SRR4280578_1.trim.fq.gz	Food	Surveillance	Salmonella spp.	USA														
SRR4280579	SRR4280579_1.trim.fq.gz	Food	Surveillance	Salmonella spp.	USA														
SRR4280580	SRR4280580_1.trim.fq.gz	Food	Surveillance	Salmonella spp.	USA														
SRR4280581	SRR4280581_1.trim.fq.gz	Food	Surveillance	Salmonella spp.	USA														
SRR4280582	SRR4280582_1.trim.fq.gz	Food	Surveillance	Salmonella spp.	USA														
SRR4280583	SRR4280583_1.trim.fq.gz	Food	Surveillance	Salmonella spp.	USA														
SRR4280584	SRR4280584_1.trim.fq.gz	Food	Surveillance	Salmonella spp.	USA														
SRR4280585	SRR4280585_1.trim.fq.gz	Food	Surveillance	Salmonella spp.	USA														
SRR4280586	SRR4280586_1.trim.fq.gz	Food	Surveillance	Salmonella spp.	USA														
SRR4280587	SRR4280587_1.trim.fq.gz	Food	Surveillance	Salmonella spp.	USA														
SRR4280588	SRR4280588_1.trim.fq.gz	Food	Surveillance	Salmonella spp.	USA														
SRR4280589	SRR4280589_1.trim.fq.gz	Food	Surveillance	Salmonella spp.	USA														
SRR4280590	SRR4280590_1.trim.fq.gz	Food	Surveillance	Salmonella spp.	USA														
SRR4280591	SRR4280591_1.trim.fq.gz	Food	Surveillance	Salmonella spp.	USA														
SRR4280592	SRR4280592_1.trim.fq.gz	Food	Surveillance	Salmonella spp.	USA														
SRR4280593	SRR4280593_1.trim.fq.gz	Food	Surveillance	Salmonella spp.	USA														
SRR4280594	SRR4280594_1.trim.fq.gz	Food	Surveillance	Salmonella spp.	USA														
SRR4280595	SRR4280595_1.trim.fq.gz	Food	Surveillance	Salmonella spp.	USA														
SRR4280596	SRR4280596_1.trim.fq.gz	Food	Surveillance	Salmonella spp.	USA														
SRR4280597	SRR4280597_1.trim.fq.gz	Food	Surveillance	Salmonella spp.	USA														
SRR4280598	SRR4280598_1.trim.fq.gz	Food	Surveillance	Salmonella spp.	USA														
SRR4280599	SRR4280599_1.trim.fq.gz	Food	Surveillance	Salmonella spp.	USA														
SRR4280600	SRR4280600_1.trim.fq.gz	Food	Surveillance	Salmonella spp.	USA														
SRR4280601	SRR4280601_1.trim.fq.gz	Food	Surveillance	Salmonella spp.	USA														
SRR4280602	SRR4280602_1.trim.fq.gz	Food	Surveillance	Salmonella spp.	USA														
SRR4280603	SRR4280603_1.trim.fq.gz	Food	Surveillance	Salmonella spp.	USA														
SRR4280604	SRR4280604_1.trim.fq.gz	Food	Surveillance	Salmonella spp.	USA														
SRR4280605	SRR4280605_1.trim.fq.gz	Food	Surveillance	Salmonella spp.	USA														
SRR4280606	SRR4280606_1.trim.fq.gz	Food	Surveillance	Salmonella spp.	USA														
SRR4280607	SRR4280607_1.trim.fq.gz	Food	Surveillance	Salmonella spp.	USA														
SRR4280608	SRR4280608_1.trim.fq.gz	Food	Surveillance	Salmonella spp.	USA														
SRR4280609	SRR4280609_1.trim.fq.gz	Food	Surveillance	Salmonella spp.	USA														
SRR4280610	SRR4280610_1.trim.fq.gz	Food	Surveillance	Salmonella spp.	USA														
SRR4280612	SRR4280612_1.trim.fq.gz	Food	Surveillance	Salmonella spp.	USA														
SRR4280613	SRR4280613_1.trim.fq.gz	Food	Surveillance	Salmonella spp.	USA														
SRR4280614	SRR4280614_1.trim.fq.gz	Food	Surveillance	Salmonella spp.	USA														
SRR4280615	SRR4280615_1.trim.fq.gz	Food	Surveillance	Salmonella spp.	USA														
SRR4280616	SRR4280616_1.trim.fq.gz	Food	Surveillance	Salmonella spp.	USA														
SRR4280617	SRR4280617_1.trim.fq.gz	Food	Surveillance	Salmonella spp.	USA														
SRR4280618	SRR4280618_1.trim.fq.gz	Food	Surveillance	Salmonella spp.	USA														
SRR4280619	SRR4280619_1.trim.fq.gz	Food	Surveillance	Salmonella spp.	USA														
SRR4280620	SRR4280620_1.trim.fq.gz	Food	Surveillance	Salmonella spp.	USA														
SRR4280621	SRR4280621_1.trim.fq.gz	Food	Surveillance	Salmonella spp.	USA														
SRR4280622	SRR4280622_1.trim.fq.gz	Food	Surveillance	Salmonella spp.	USA														
SRR4280623	SRR4280623_1.trim.fq.gz	Food	Surveillance	Salmonella spp.	USA														
SRR4280624	SRR4280624_1.trim.fq.gz	Food	Surveillance	Salmonella spp.	USA														
SRR4280625	SRR4280625_1.trim.fq.gz	Food	Surveillance	Salmonella spp.	USA														
SRR4280626	SRR4280626_1.trim.fq.gz	Food	Surveillance	Salmonella spp.	USA														
SRR4280627	SRR4280627_1.trim.fq.gz	Food	Surveillance	Salmonella spp.	USA														
SRR4280628	SRR4280628_1.trim.fq.gz	Food	Surveillance	Salmonella spp.	USA														
SRR4280629	SRR4280629_1.trim.fq.gz	Food	Surveillance	Salmonella spp.	USA														
SRR4280631	SRR4280631_1.trim.fq.gz	Food	Surveillance	Salmonella spp.	USA														
SRR4280632	SRR4280632_1.trim.fq.gz	Food	Surveillance	Salmonella spp.	USA														
SRR4280634	SRR4280634_1.trim.fq.gz	Food	Surveillance	Salmonella spp.	USA														
SRR4280635	SRR4280635_1.trim.fq.gz	Food	Surveillance	Salmonella spp.	USA														
SRR4280636	SRR4280636_1.trim.fq.gz	Food	Surveillance	Salmonella spp.	USA														
SRR4280637	SRR4280637_1.trim.fq.gz	Food	Surveillance	Salmonella spp.	USA														
SRR4280638	SRR4280638_1.trim.fq.gz	Food	Surveillance	Salmonella spp.	USA														
SRR4280639	SRR4280639_1.trim.fq.gz	Food	Surveillance	Salmonella spp.	USA														
SRR4280640	SRR4280640_1.trim.fq.gz	Food	Surveillance	Salmonella spp.	USA														
SRR4280641	SRR4280641_1.trim.fq.gz	Food	Surveillance	Salmonella spp.	USA														
SRR4280642	SRR4280642_1.trim.fq.gz	Food	Surveillance	Salmonella spp.	USA														
SRR4280643	SRR4280643_1.trim.fq.gz	Food	Surveillance	Salmonella spp.	USA														
SRR4280644	SRR4280644_1.trim.fq.gz	Food	Surveillance	Salmonella spp.	USA														
SRR4280645	SRR4280645_1.trim.fq.gz	Food	Surveillance	Salmonella spp.	USA														
SRR4280646	SRR4280646_1.trim.fq.gz	Food	Surveillance	Salmonella spp.	USA														
SRR4280647	SRR4280647_1.trim.fq.gz	Food	Surveillance	Salmonella spp.	USA														
